"tag","usage_count","suggested_status","suggested_action","suggested_target","reason","affected_lesions","human_decision"
"sólido","40","MANTER","nenhuma","","Tag clara, consistente, sem indício de redundância ou ambiguidade identificado na varredura.","seed_0:Adenoma hipofisário (macroadenoma) | seed_2:Meningioma do tubérculo selar | seed_17:Meningioma | seed_88:Timoma | seed_89:Linfoma mediastinal | seed_113:Mixoma atrial | seed_120:Papiloma intraductal | seed_162:Tumor neuroendócrino pancreático | seed_167:Carcinoma de células renais | seed_215:Fibroma / Fibrotecoma ovariano | seed_217:Disgerminoma | seed_218:Metástase ovariana (tumor de Krukenberg) | seed_220:Tumor de Sertoli-Leydig | seed_262:Endometriose vesical | seed_361:Tumor de Wilms (nefroblastoma) | seed_367:Hepatoblastoma | seed_368:Nefroma mesoblástico congênito | seed_495:Adenoma de paratireoide | seed_524:PASH (hiperplasia estromal pseudoangiomatosa) | seed_526:Carcinoma mucinoso da mama | seed_546:Adenoma adrenal pobre em lipídios | seed_551:Tumor de Brenner | seed_552:Tecoma ovariano | seed_584:Adenocarcinoma pulmonar | seed_585:Carcinoma espinocelular pulmonar | seed_589:Carcinoma ductal invasivo / NST | seed_593:Carcinoma renal de células claras | seed_595:Leiomioma uterino | seed_604:Seminoma testicular | seed_606:Subependimoma | seed_610:Papiloma invertido sinonasal | seed_615:Adenoma pleomórfico de parótida | seed_618:Schwannoma espinhal | seed_625:Linfoma do mediastino | seed_703:Tumor adenomatoide do epidídimo | seed_724:Carcinoma de células renais papilífero | seed_748:Leiomioma vaginal | seed_860:GIST gástrico (tumor estromal) | seed_866:Tumor carcinoide de intestino delgado | seed_1164:Craniofaringioma papilar",""
"realce homogêneo","28","MANTER","nenhuma","","Tag clara, consistente, sem indício de redundância ou ambiguidade identificado na varredura.","seed_0:Adenoma hipofisário (macroadenoma) | seed_2:Meningioma do tubérculo selar | seed_5:Hipofisite linfocítica | seed_17:Meningioma | seed_18:Schwannoma vestibular | seed_19:Metástase dural | seed_24:Pineocitoma | seed_36:Meningioma da bainha do nervo óptico | seed_41:Papiloma de plexo coroide | seed_52:Ependimoma medular | seed_54:Schwannoma intradural extramedular | seed_55:Meningioma espinhal | seed_68:Schwannoma sacral | seed_78:Schwannoma paravertebral | seed_88:Timoma | seed_89:Linfoma mediastinal | seed_93:Schwannoma mediastinal (mediastino posterior) | seed_96:Empiema pleural | seed_120:Papiloma intraductal | seed_137:Adenoma do mamilo | seed_152:Hiperplasia nodular focal | seed_170:Oncocitoma renal | seed_225:Leiomioma cervical | seed_370:Astrocitoma pilocítico | seed_524:PASH (hiperplasia estromal pseudoangiomatosa) | seed_595:Leiomioma uterino | seed_641:Meningioma da base do crânio (en plaque) | seed_1164:Craniofaringioma papilar",""
"expansiva","36","MANTER","nenhuma","","Tag clara, consistente, sem indício de redundância ou ambiguidade identificado na varredura.","seed_0:Adenoma hipofisário (macroadenoma) | seed_5:Hipofisite linfocítica | seed_9:Astrocitoma difuso de baixo grau | seed_22:Hematoma epidural | seed_29:Displasia fibrosa craniana | seed_49:Doença de Paget óssea (vertebral) | seed_60:Hematoma epidural espinhal | seed_65:Tumor de células gigantes sacral | seed_68:Schwannoma sacral | seed_69:Osteoblastoma sacral | seed_282:Condrossarcoma | seed_286:Cisto ósseo aneurismático | seed_289:Displasia fibrosa | seed_380:Enfisema lobar congênito | seed_382:Atresia brônquica congênita | seed_464:Laringocele | seed_466:Condrossarcoma da cartilagem cricoide | seed_468:Mucocele sinusal | seed_476:Colesteatoma | seed_490:Angiofibroma nasofaríngeo juvenil | seed_496:Cordoma do clivus | seed_565:Osteoblastoma | seed_617:Hemangioma vertebral agressivo | seed_651:Glioma pontino de baixo grau do adulto | seed_674:Granuloma de colesterol do ápice petroso | seed_697:Displasia fibrosa craniofacial | seed_762:Cisto ósseo aneurismático sacral | seed_820:Displasia fibrosa do osso temporal | seed_996:Ameloblastoma | seed_1059:Cisto ósseo aneurismático mandibular | seed_1091:Displasia fibrosa costal | seed_1092:Fibroma condromixoide | seed_1141:Malformação de Dandy-Walker | seed_1160:Colesteatoma adquirido | seed_1206:Tumor marrom do hiperparatireoidismo | seed_1214:Encondroma de mão (falange)",""
"cístico","136","MANTER","nenhuma","","Tag clara, consistente, sem indício de redundância ou ambiguidade identificado na varredura.","seed_0:Adenoma hipofisário (macroadenoma) | seed_1:Craniofaringioma (adamantinomatoso) | seed_3:Cisto de bolsa de Rathke | seed_6:Cisto aracnoide selar/suprasselar | seed_11:Abscesso cerebral | seed_14:Neurocisticercose | seed_24:Pineocitoma | seed_28:Cisto aracnoide da região pineal | seed_43:Cisto neuroepitelial (cisto ependimário) | seed_58:Abscesso epidural | seed_63:Cisto sinovial facetário com extensão epidural | seed_66:Meningocele sacral anterior | seed_87:Abscesso pulmonar | seed_90:Teratoma mediastinal maduro | seed_92:Cisto broncogênico | seed_106:Carcinoma adenoide cístico de traqueia | seed_117:Cisto pericárdico | seed_119:Cisto mamário simples | seed_121:Tumor filoide | seed_126:Abscesso mamário | seed_131:Abscesso axilar (hidradenite supurativa) | seed_133:Ectasia ductal (dilatação ductal secretora) | seed_136:Fístula mamária periductal (mastite periductal) | seed_145:Seroma pós-cirúrgico | seed_156:Cisto hepático simples | seed_158:Abscesso hepático piogênico | seed_159:Cisto hidático hepático (equinococose) | seed_160:IPMN (neoplasia mucinosa papilar intraductal) | seed_163:Pseudocisto pancreático | seed_164:Neoplasia sólida pseudopapilar (tumor de Frantz) | seed_168:Cisto renal simples (Bosniak I) | seed_169:Cisto renal complexo (Bosniak III/IV) | seed_175:Feocromocitoma | seed_181:Cisto esplênico (epidermoide/pseudocisto) | seed_187:Pseudomixoma peritoneal | seed_191:Cisto mesentérico | seed_208:Cisto de Naboth | seed_209:Cisto funcional (folicular/corpo lúteo) | seed_210:Endometrioma | seed_211:Teratoma maduro (cisto dermoide) | seed_212:Cistoadenoma seroso | seed_213:Cistoadenoma mucinoso | seed_216:Tumor de células da granulosa | seed_221:Cisto hemorrágico ovariano | seed_227:Cisto mesonéfrico cervical (remanescente de Wolff) | seed_230:Cisto do ducto de Gartner | seed_233:Cisto de inclusão epidérmico vaginal | seed_235:Hidrossalpinge | seed_237:Carcinoma tubário primário | seed_238:Cisto paratubário (cisto de Morgagni) | seed_240:Torção isolada de trompa | seed_241:Tumor germinativo não seminomatoso | seed_244:Cisto epidermoide testicular | seed_245:Ectasia tubular da rede testis | seed_250:Hidrocele | seed_255:Cisto de utrículo prostático | seed_256:Abscesso prostático | seed_268:Cisto epidermoide peniano | seed_274:Cisto do cordão espermático | seed_275:Cisto epididimário | seed_276:Espermatocele | seed_285:Cisto ósseo simples | seed_286:Cisto ósseo aneurismático | seed_294:Sarcoma sinovial | seed_295:Cisto sinovial / gânglio | seed_331:Malformação venosa | seed_338:Malformação linfática de partes moles | seed_339:Linfocele pós-operatória | seed_363:Teratoma sacrococcígeo | seed_364:Linfangioma cístico (malformação linfática) | seed_370:Astrocitoma pilocítico | seed_377:Malformação das vias aéreas pulmonares congênita (CPAM) | seed_398:Colecistite aguda | seed_423:Cisto ovariano roto | seed_429:Mola hidatiforme | seed_442:Cisto epidermoide escrotal | seed_445:Cisto tireoidiano simples | seed_453:Cisto linfoepitelial benigno (HIV) | seed_455:Linfonodo metastático cervical (carcinoma espinocelular) | seed_460:Rânula (mucocele sublingual) | seed_464:Laringocele | seed_468:Mucocele sinusal | seed_469:Pólipo antrocoanal | seed_482:Cisto epidermoide intracraniano | seed_489:Hemangioblastoma cerebelar | seed_492:Abscesso retrofaríngeo | seed_493:Cisto branquial de segunda fenda | seed_494:Cisto do ducto tireoglosso | seed_501:Siringomielia | seed_504:Cisto perineural de Tarlov | seed_521:Derrame pleural loculado | seed_523:Cisto complicado mamário | seed_529:Galactocele | seed_530:Seroma pós-operatório | seed_544:Abscesso esplênico | seed_545:Doença renal policística autossômica dominante | seed_549:Piossalpinge | seed_550:Cistoadenofibroma ovariano | seed_555:Cisto de vesícula seminal | seed_572:Bursite trocantérica | seed_592:Neoplasia cística mucinosa pancreática | seed_597:Teratoma cístico maduro | seed_654:Cisto de Thornwaldt | seed_657:Linfangioma cervical (malformação linfática) | seed_676:Cisto perineural sacral (cisto de Tarlov) | seed_736:Cistadenoma seroso ovariano | seed_737:Cistadenoma mucinoso ovariano | seed_741:Cisto de paratireoide | seed_755:Cisto de retenção nasofaríngeo | seed_779:Ureterocele intravesical | seed_797:Cisto pineal atípico | seed_806:Cistadenoma seroso pancreático | seed_837:Cisto do ducto mülleriano | seed_871:Divertículo de Meckel | seed_880:Mucocele apendicular | seed_929:Rim displásico multicístico | seed_934:Ureterocele fetal | seed_939:Nicho de cicatriz de cesárea (istmocele) | seed_991:Abscesso do músculo psoas | seed_1003:Cisto de duplicação esofágica | seed_1004:Cisto dentígero | seed_1005:Cisto radicular (periapical) | seed_1006:Cisto sebáceo da mama masculina | seed_1019:Cisto sinovial facetário | seed_1053:Poliquistose epididimária | seed_1062:Cisto aracnoide de fossa posterior | seed_1063:Rim multicístico displásico | seed_1077:Linfangioleiomiomatose (LAM) | seed_1078:Histiocitose pulmonar de células de Langerhans | seed_1082:Metástase pulmonar cavitada | seed_1085:Linfangioma cístico mediastinal | seed_1099:Mixoma intramuscular | seed_1138:Cisto paralabral com compressão do nervo supraescapular | seed_1141:Malformação de Dandy-Walker | seed_1145:Bursite do olécrano | seed_1162:Cisto do segundo arco branquial",""
"calcificações","76","MANTER","nenhuma","","Tag clara, consistente, sem indício de redundância ou ambiguidade identificado na varredura.","seed_1:Craniofaringioma (adamantinomatoso) | seed_12:Oligodendroglioma | seed_14:Neurocisticercose | seed_17:Meningioma | seed_23:Hemangiopericitoma / tumor fibroso solitário meníngeo | seed_26:Pineoblastoma | seed_27:Teratoma pineal | seed_36:Meningioma da bainha do nervo óptico | seed_40:Ependimoma intraventricular | seed_42:Neurocitoma central | seed_74:Calcificação discal idiopática (infância) | seed_82:Hamartoma pulmonar | seed_84:Granuloma (sequela infecciosa) | seed_90:Teratoma mediastinal maduro | seed_91:Bócio mergulhante | seed_98:Placas pleurais (relacionadas ao asbesto) | seed_100:Condrossarcoma de parede torácica | seed_110:Amiloidose traqueobrônquica | seed_122:Necrose gordurosa | seed_124:Carcinoma ductal in situ (CDIS) | seed_139:Contratura capsular | seed_159:Cisto hidático hepático (equinococose) | seed_161:Cistoadenoma seroso | seed_177:Carcinoma adrenocortical | seed_197:Teratoma retroperitoneal | seed_211:Teratoma maduro (cisto dermoide) | seed_241:Tumor germinativo não seminomatoso | seed_244:Cisto epidermoide testicular | seed_246:Microlitíase testicular | seed_257:Calcificações prostáticas (litíase prostática) | seed_261:Cálculo vesical (litíase vesical) | seed_264:Doença de Peyronie (placa fibrosa peniana) | seed_279:Tuberculose epididimária | seed_282:Condrossarcoma | seed_284:Encondroma | seed_294:Sarcoma sinovial | seed_305:Condromatose sinovial | seed_314:Tendinite calcária | seed_319:Miosite ossificante | seed_343:Doença arterial periférica (estenose aterosclerótica) | seed_354:Estenose de artéria renal (aterosclerótica) | seed_357:Isquemia mesentérica crônica | seed_358:Aneurisma de artéria esplênica | seed_362:Neuroblastoma | seed_363:Teratoma sacrococcígeo | seed_444:Bócio multinodular | seed_448:Carcinoma papilífero da tireoide | seed_451:Sialolitíase com sialoadenite | seed_470:Micetoma sinusal (bola fúngica) | seed_534:Colelitíase | seed_543:Pancreatite crônica | seed_551:Tumor de Brenner | seed_561:Gota | seed_562:Condrocalcinose / CPPD | seed_570:Estenose carotídea aterosclerótica | seed_574:Aneurisma de artéria renal | seed_597:Teratoma cístico maduro | seed_626:Calcificações vasculares mamárias | seed_627:Calcificações por necrose gordurosa | seed_661:Calcificações distróficas pós-radioterapia | seed_662:Calcificações em pipoca (fibroadenoma involuído) | seed_664:Calcificações redondas/puntiformes benignas | seed_760:Aterosclerose carotídea extracraniana | seed_868:Íleo biliar | seed_878:Fecalito apendicular (apendicolito) | seed_887:Vesícula em porcelana (colecistopatia crônica calcificada) | seed_995:Adenose esclerosante | seed_999:Broncolitíase | seed_1011:Cálculo ureteral impactado | seed_1016:Doença arterial coronariana (placa e estenose) | seed_1034:Drusas do nervo óptico | seed_1038:Isquemia arterial crônica de membro (doença arterial obstrutiva periférica avançada) | seed_1047:Odontoma | seed_1074:Silicose | seed_1139:Artropatia por hidroxiapatita (ombro de Milwaukee) | seed_1147:Corpo livre articular do cotovelo (osteocondral)",""
"hipersinal T1","14","MANTER","nenhuma","","Tag clara, consistente, sem indício de redundância ou ambiguidade identificado na varredura.","seed_1:Craniofaringioma (adamantinomatoso) | seed_46:Hemangioma vertebral | seed_205:Hematométrio | seed_210:Endometrioma | seed_232:Endometriose vaginal | seed_239:Endometriose tubária | seed_262:Endometriose vesical | seed_411:Endometriose diafragmática | seed_499:Alterações Modic dos platôs vertebrais | seed_557:Hemorragia pós-biópsia prostática | seed_665:Hemorragia de vesícula seminal | seed_674:Granuloma de colesterol do ápice petroso | seed_883:Endometriose apendicular | seed_987:Depósito de gadolínio no SNC",""
"multisseptado","21","MANTER","nenhuma","","Tag clara, consistente, sem indício de redundância ou ambiguidade identificado na varredura.","seed_1:Craniofaringioma (adamantinomatoso) | seed_159:Cisto hidático hepático (equinococose) | seed_160:IPMN (neoplasia mucinosa papilar intraductal) | seed_161:Cistoadenoma seroso | seed_169:Cisto renal complexo (Bosniak III/IV) | seed_187:Pseudomixoma peritoneal | seed_191:Cisto mesentérico | seed_213:Cistoadenoma mucinoso | seed_338:Malformação linfática de partes moles | seed_364:Linfangioma cístico (malformação linfática) | seed_377:Malformação das vias aéreas pulmonares congênita (CPAM) | seed_429:Mola hidatiforme | seed_521:Derrame pleural loculado | seed_531:Ruptura intracapsular de implante de silicone | seed_592:Neoplasia cística mucinosa pancreática | seed_929:Rim displásico multicístico | seed_996:Ameloblastoma | seed_1058:Querubismo | seed_1059:Cisto ósseo aneurismático mandibular | seed_1063:Rim multicístico displásico | seed_1085:Linfangioma cístico mediastinal",""
"idade pediátrica","97","MANTER","nenhuma","","Tag clara, consistente, sem indício de redundância ou ambiguidade identificado na varredura.","seed_1:Craniofaringioma (adamantinomatoso) | seed_26:Pineoblastoma | seed_31:Granuloma eosinofílico craniano | seed_37:Rabdomiossarcoma orbitário | seed_40:Ependimoma intraventricular | seed_41:Papiloma de plexo coroide | seed_50:Granuloma eosinofílico (histiocitose de células de Langerhans) | seed_53:Astrocitoma medular | seed_74:Calcificação discal idiopática (infância) | seed_101:Tumor de Askin (PNET de parede torácica) | seed_197:Teratoma retroperitoneal | seed_217:Disgerminoma | seed_231:Sarcoma botrioide (rabdomiossarcoma vaginal) | seed_249:Tumor de células de Sertoli | seed_283:Sarcoma de Ewing | seed_285:Cisto ósseo simples | seed_288:Fibroma não ossificante | seed_299:Rabdomiossarcoma | seed_303:Osteocondrite dissecante | seed_361:Tumor de Wilms (nefroblastoma) | seed_362:Neuroblastoma | seed_363:Teratoma sacrococcígeo | seed_364:Linfangioma cístico (malformação linfática) | seed_367:Hepatoblastoma | seed_368:Nefroma mesoblástico congênito | seed_369:Meduloblastoma | seed_370:Astrocitoma pilocítico | seed_371:Glioma difuso de tronco encefálico (DIPG) | seed_372:Displasia do desenvolvimento do quadril | seed_373:Tumor teratoide/rabdoide atípico (ATRT) | seed_374:Doença de Legg-Calvé-Perthes | seed_375:Fratura em galho verde | seed_376:Exostose hereditária múltipla | seed_377:Malformação das vias aéreas pulmonares congênita (CPAM) | seed_378:Hérnia diafragmática congênita | seed_379:Sequestro pulmonar | seed_380:Enfisema lobar congênito | seed_381:Timo normal proeminente (pseudotumor tímico) | seed_382:Atresia brônquica congênita | seed_383:Enterocolite necrosante | seed_384:Hemorragia intraventricular do prematuro | seed_385:Leucomalácia periventricular | seed_386:Persistência do canal arterial | seed_387:Doença da membrana hialina (síndrome do desconforto respiratório neonatal) | seed_388:Hemorragia adrenal neonatal | seed_389:Comunicação interventricular (CIV) | seed_390:Coarctação da aorta | seed_391:Tetralogia de Fallot | seed_392:Transposição das grandes artérias | seed_393:Anomalia de Ebstein | seed_394:Estenose pulmonar valvar | seed_483:Encefalomielite aguda disseminada (ADEM) | seed_490:Angiofibroma nasofaríngeo juvenil | seed_548:Placenta acreta spectrum | seed_566:Condroblastoma | seed_653:Hiperplasia adenoideana | seed_730:Osteomielite hematogênica | seed_749:Hematocolpo | seed_756:Adenoidite | seed_784:Glioma das vias ópticas | seed_842:Sinovite transitória do quadril | seed_998:Aspiração de corpo estranho pediátrico | seed_1000:Bronquiolite viral aguda | seed_1007:Cisto ósseo unicameral pediátrico | seed_1009:Comunicação interatrial (CIA) | seed_1014:Displasia broncopulmonar | seed_1029:Fratura de Salter-Harris | seed_1041:Estenose hipertrófica do piloro | seed_1058:Querubismo | seed_1061:Malformação de Chiari tipo II | seed_1063:Rim multicístico displásico | seed_1069:Taquipneia transitória do recém-nascido | seed_1085:Linfangioma cístico mediastinal | seed_1094:Displasia osteofibrosa | seed_1109:Atresia esofágica com fístula traqueoesofágica | seed_1110:Atresia duodenal | seed_1111:Malrotação intestinal com volvo | seed_1112:Doença de Hirschsprung | seed_1115:Criptorquidia | seed_1116:Hipospádia | seed_1117:Refluxo vesicoureteral | seed_1118:Estenose de junção ureteropélvica | seed_1119:Acondroplasia | seed_1120:Osteogênese imperfeita | seed_1121:Raquitismo | seed_1122:Maus-tratos infantis (síndrome da criança espancada) | seed_1123:Craniossinostose | seed_1126:Lisencefalia | seed_1127:Polimicrogiria | seed_1128:Displasia septo-óptica | seed_1129:Esquizencefalia | seed_1141:Malformação de Dandy-Walker | seed_1142:Malformação de Chiari tipo I | seed_1150:Cotovelo de babá (subluxação da cabeça do rádio) | seed_1157:Síndrome de Grisel | seed_1162:Cisto do segundo arco branquial | seed_1195:Doença de Osgood-Schlatter",""
"bem circunscrita","216","REVISAR","nenhuma_automatica","","Possível sinônimo de ""bem delimitado""/""bordos bem definidos""; alto volume (216 usos) torna fusão de alto impacto — grupo G2.","seed_2:Meningioma do tubérculo selar | seed_3:Cisto de bolsa de Rathke | seed_6:Cisto aracnoide selar/suprasselar | seed_10:Metástase cerebral | seed_16:Cavernoma (malformação cavernosa) | seed_17:Meningioma | seed_18:Schwannoma vestibular | seed_19:Metástase dural | seed_22:Hematoma epidural | seed_23:Hemangiopericitoma / tumor fibroso solitário meníngeo | seed_24:Pineocitoma | seed_28:Cisto aracnoide da região pineal | seed_29:Displasia fibrosa craniana | seed_31:Granuloma eosinofílico craniano | seed_32:Osteoma craniano | seed_33:Plasmocitoma solitário ósseo | seed_34:Hemangioma craniano | seed_35:Hemangioma cavernoso orbitário | seed_36:Meningioma da bainha do nervo óptico | seed_38:Linfoma orbitário | seed_40:Ependimoma intraventricular | seed_41:Papiloma de plexo coroide | seed_42:Neurocitoma central | seed_43:Cisto neuroepitelial (cisto ependimário) | seed_46:Hemangioma vertebral | seed_50:Granuloma eosinofílico (histiocitose de células de Langerhans) | seed_51:Osteoma osteoide vertebral | seed_52:Ependimoma medular | seed_54:Schwannoma intradural extramedular | seed_55:Meningioma espinhal | seed_56:Lipoma intradural | seed_66:Meningocele sacral anterior | seed_68:Schwannoma sacral | seed_69:Osteoblastoma sacral | seed_72:Nódulo de Schmorl | seed_78:Schwannoma paravertebral | seed_80:Lipoma paravertebral | seed_82:Hamartoma pulmonar | seed_84:Granuloma (sequela infecciosa) | seed_85:Tumor carcinoide pulmonar | seed_86:Metástase pulmonar (nódulo único) | seed_88:Timoma | seed_92:Cisto broncogênico | seed_93:Schwannoma mediastinal (mediastino posterior) | seed_97:Tumor fibroso solitário da pleura | seed_103:Lipoma de parede torácica | seed_113:Mixoma atrial | seed_116:Fibroelastoma papilar (valvar) | seed_117:Cisto pericárdico | seed_118:Fibroadenoma | seed_119:Cisto mamário simples | seed_125:Linfonodo intramamário | seed_127:Linfonodo axilar reativo | seed_130:Tecido mamário ectópico/acessório | seed_132:Linfonodo axilar reacional pós-vacinal | seed_137:Adenoma do mamilo | seed_139:Contratura capsular | seed_142:Dobra da prótese (radial fold) | seed_151:Hemangioma hepático | seed_156:Cisto hepático simples | seed_162:Tumor neuroendócrino pancreático | seed_164:Neoplasia sólida pseudopapilar (tumor de Frantz) | seed_166:Angiomiolipoma renal | seed_170:Oncocitoma renal | seed_174:Adenoma adrenal (rico em lipídios) | seed_176:Mielolipoma adrenal | seed_180:Hemangioma esplênico | seed_184:Esplenose (implante esplênico ectópico) | seed_185:Hamartoma esplênico | seed_194:Paraganglioma retroperitoneal (extra-adrenal) | seed_202:Pólipo endometrial | seed_206:Malformação mülleriana (útero bicorno/septado) | seed_208:Cisto de Naboth | seed_209:Cisto funcional (folicular/corpo lúteo) | seed_215:Fibroma / Fibrotecoma ovariano | seed_220:Tumor de Sertoli-Leydig | seed_224:Pólipo endocervical | seed_225:Leiomioma cervical | seed_226:Hiperplasia microglandular cervical | seed_227:Cisto mesonéfrico cervical (remanescente de Wolff) | seed_230:Cisto do ducto de Gartner | seed_233:Cisto de inclusão epidérmico vaginal | seed_234:Fibroma vaginal | seed_238:Cisto paratubário (cisto de Morgagni) | seed_242:Tumor de células de Leydig | seed_244:Cisto epidermoide testicular | seed_249:Tumor de células de Sertoli | seed_252:Hiperplasia prostática benigna | seed_255:Cisto de utrículo prostático | seed_260:Divertículo vesical | seed_261:Cálculo vesical (litíase vesical) | seed_263:Cistocele | seed_264:Doença de Peyronie (placa fibrosa peniana) | seed_268:Cisto epidermoide peniano | seed_270:Lipoma de cordão espermático | seed_273:Tumor adenomatoide de cordão espermático | seed_274:Cisto do cordão espermático | seed_275:Cisto epididimário | seed_280:Leiomioma epididimário | seed_284:Encondroma | seed_285:Cisto ósseo simples | seed_287:Osteocondroma | seed_288:Fibroma não ossificante | seed_289:Displasia fibrosa | seed_291:Lipoma de partes moles | seed_295:Cisto sinovial / gânglio | seed_296:Tumor de células gigantes de bainha tendínea | seed_297:Neurofibroma | seed_302:Necrose avascular (osteonecrose) | seed_303:Osteocondrite dissecante | seed_306:Schwannoma de nervo periférico | seed_307:Neuroma de Morton | seed_319:Miosite ossificante | seed_361:Tumor de Wilms (nefroblastoma) | seed_368:Nefroma mesoblástico congênito | seed_370:Astrocitoma pilocítico | seed_381:Timo normal proeminente (pseudotumor tímico) | seed_400:Torção de apêndice epiploico | seed_409:Tumor primário do diafragma | seed_432:Hemorragia intracraniana espontânea (hipertensiva) | seed_442:Cisto epidermoide escrotal | seed_446:Adenoma folicular da tireoide | seed_449:Carcinoma folicular da tireoide | seed_450:Tumor de Warthin | seed_454:Linfonodo cervical reacional/inflamatório | seed_462:Papiloma escamoso oral (HPV) | seed_469:Pólipo antrocoanal | seed_476:Colesteatoma | seed_482:Cisto epidermoide intracraniano | seed_490:Angiofibroma nasofaríngeo juvenil | seed_493:Cisto branquial de segunda fenda | seed_494:Cisto do ducto tireoglosso | seed_495:Adenoma de paratireoide | seed_501:Siringomielia | seed_504:Cisto perineural de Tarlov | seed_522:Hamartoma mamário | seed_523:Cisto complicado mamário | seed_524:PASH (hiperplasia estromal pseudoangiomatosa) | seed_526:Carcinoma mucinoso da mama | seed_529:Galactocele | seed_530:Seroma pós-operatório | seed_534:Colelitíase | seed_537:Adenomiomatose da vesícula biliar | seed_546:Adenoma adrenal pobre em lipídios | seed_550:Cistoadenofibroma ovariano | seed_554:Infarto testicular segmentar | seed_555:Cisto de vesícula seminal | seed_559:Abscesso de Brodie | seed_565:Osteoblastoma | seed_566:Condroblastoma | seed_577:Aneurisma intracraniano sacular | seed_592:Neoplasia cística mucinosa pancreática | seed_595:Leiomioma uterino | seed_604:Seminoma testicular | seed_606:Subependimoma | seed_615:Adenoma pleomórfico de parótida | seed_618:Schwannoma espinhal | seed_641:Meningioma da base do crânio (en plaque) | seed_642:Colesteatoma congênito (epidermoide) da base do crânio | seed_652:Telangiectasia capilar de tronco encefálico | seed_653:Hiperplasia adenoideana | seed_703:Tumor adenomatoide do epidídimo | seed_744:Lipoadenoma de paratireoide | seed_860:GIST gástrico (tumor estromal) | seed_862:Bezoar gástrico | seed_863:Pólipo gástrico (fúndico/hiperplásico) | seed_871:Divertículo de Meckel | seed_872:Doença diverticular (diverticulose) | seed_873:Pólipo hiperplásico | seed_874:Pólipo adenomatoso colônico | seed_879:Tumor carcinoide apendicular | seed_885:Neuroma apendicular (neuroma fibroso) | seed_886:Pólipo de vesícula biliar | seed_890:Placenta prévia | seed_892:Corioangioma placentário | seed_899:Trombose do seio marginal placentário | seed_902:Onfalocele | seed_994:Adenopatia inguinal reacional | seed_1003:Cisto de duplicação esofágica | seed_1004:Cisto dentígero | seed_1005:Cisto radicular (periapical) | seed_1006:Cisto sebáceo da mama masculina | seed_1007:Cisto ósseo unicameral pediátrico | seed_1010:Costocondrite (síndrome de Tietze) | seed_1019:Cisto sinovial facetário | seed_1031:Ginecomastia | seed_1032:Ginecomastia induzida por fármacos | seed_1035:Hérnia muscular | seed_1043:Malformação arteriovenosa pulmonar | seed_1047:Odontoma | seed_1050:Paraganglioma do filo terminal | seed_1057:Pólipo de corda vocal | seed_1060:Torus mandibular/palatino | seed_1070:Timolipoma | seed_1071:Torção do apêndice testicular (hidátide de Morgagni) | seed_1080:Atelectasia arredondada | seed_1081:Nódulo em vidro fosco persistente (adenocarcinoma in situ) | seed_1086:Neurofibroma mediastinal (mediastino posterior) | seed_1091:Displasia fibrosa costal | seed_1092:Fibroma condromixoide | seed_1094:Displasia osteofibrosa | seed_1098:Fibromatose palmar (contratura de Dupuytren) | seed_1099:Mixoma intramuscular | seed_1100:Tumor glômico | seed_1101:Fasciíte nodular | seed_1114:Fibromatose plantar (doença de Ledderhose) | seed_1115:Criptorquidia | seed_1138:Cisto paralabral com compressão do nervo supraescapular | seed_1147:Corpo livre articular do cotovelo (osteocondral) | seed_1160:Colesteatoma adquirido | seed_1162:Cisto do segundo arco branquial | seed_1164:Craniofaringioma papilar | seed_1165:Cisto de Baker (cisto poplíteo) | seed_1179:Gânglio dorsal do punho (cisto escafolunar) | seed_1182:Cisto mucoide digital | seed_1192:Cisto meniscal (parameniscal)",""
"cauda dural","2","MANTER","nenhuma","","Tag clara, consistente, sem indício de redundância ou ambiguidade identificado na varredura.","seed_2:Meningioma do tubérculo selar | seed_55:Meningioma espinhal",""
"neoplasia extra-axial","3","MANTER","nenhuma","","Tag clara, consistente, sem indício de redundância ou ambiguidade identificado na varredura.","seed_2:Meningioma do tubérculo selar | seed_810:Meningioma da região pineal | seed_821:Meningioma en plaque do osso temporal",""
"hipercaptante","8","MANTER","nenhuma","","Tag clara, consistente, sem indício de redundância ou ambiguidade identificado na varredura.","seed_2:Meningioma do tubérculo selar | seed_41:Papiloma de plexo coroide | seed_194:Paraganglioma retroperitoneal (extra-adrenal) | seed_495:Adenoma de paratireoide | seed_675:Paraganglioma jugular | seed_768:Paraganglioma retroperitoneal funcional | seed_804:Paraganglioma do corpo carotídeo | seed_810:Meningioma da região pineal",""
"quiasma óptico","3","MANTER","nenhuma","","Tag clara, consistente, sem indício de redundância ou ambiguidade identificado na varredura.","seed_2:Meningioma do tubérculo selar | seed_787:Inflamação do quiasma óptico | seed_794:Isquemia do quiasma óptico",""
"ausência de realce","59","MANTER","nenhuma","","Tag clara, consistente, sem indício de redundância ou ambiguidade identificado na varredura.","seed_3:Cisto de bolsa de Rathke | seed_6:Cisto aracnoide selar/suprasselar | seed_9:Astrocitoma difuso de baixo grau | seed_28:Cisto aracnoide da região pineal | seed_43:Cisto neuroepitelial (cisto ependimário) | seed_56:Lipoma intradural | seed_63:Cisto sinovial facetário com extensão epidural | seed_66:Meningocele sacral anterior | seed_92:Cisto broncogênico | seed_112:Derrame pericárdico | seed_114:Tamponamento cardíaco | seed_115:Trombo em átrio esquerdo | seed_117:Cisto pericárdico | seed_119:Cisto mamário simples | seed_145:Seroma pós-cirúrgico | seed_156:Cisto hepático simples | seed_163:Pseudocisto pancreático | seed_168:Cisto renal simples (Bosniak I) | seed_181:Cisto esplênico (epidermoide/pseudocisto) | seed_183:Infarto esplênico | seed_191:Cisto mesentérico | seed_205:Hematométrio | seed_208:Cisto de Naboth | seed_209:Cisto funcional (folicular/corpo lúteo) | seed_212:Cistoadenoma seroso | seed_221:Cisto hemorrágico ovariano | seed_227:Cisto mesonéfrico cervical (remanescente de Wolff) | seed_230:Cisto do ducto de Gartner | seed_238:Cisto paratubário (cisto de Morgagni) | seed_248:Torção testicular | seed_250:Hidrocele | seed_255:Cisto de utrículo prostático | seed_260:Divertículo vesical | seed_267:Priapismo isquêmico | seed_275:Cisto epididimário | seed_285:Cisto ósseo simples | seed_295:Cisto sinovial / gânglio | seed_330:Trombose venosa profunda | seed_338:Malformação linfática de partes moles | seed_344:Embolia arterial aguda | seed_360:Trombose de artéria mesentérica superior | seed_364:Linfangioma cístico (malformação linfática) | seed_397:Isquemia mesentérica aguda | seed_403:Pneumotórax hipertensivo | seed_425:Aborto retido/incompleto | seed_428:AVC isquêmico agudo | seed_445:Cisto tireoidiano simples | seed_460:Rânula (mucocele sublingual) | seed_493:Cisto branquial de segunda fenda | seed_931:Agenesia renal bilateral | seed_942:Síndrome de Sheehan (necrose hipofisária pós-parto) | seed_943:Pneumotórax pós-biópsia pulmonar | seed_950:Embolia gasosa iatrogênica | seed_953:Embolização não-alvo | seed_1003:Cisto de duplicação esofágica | seed_1062:Cisto aracnoide de fossa posterior | seed_1085:Linfangioma cístico mediastinal | seed_1160:Colesteatoma adquirido | seed_1162:Cisto do segundo arco branquial",""
"linha média","3","MANTER","nenhuma","","Tag clara, consistente, sem indício de redundância ou ambiguidade identificado na varredura.","seed_3:Cisto de bolsa de Rathke | seed_654:Cisto de Thornwaldt | seed_1205:Cordoma",""
"hemorrágico","70","MANTER","nenhuma","","Tag clara, consistente, sem indício de redundância ou ambiguidade identificado na varredura.","seed_4:Apoplexia hipofisária | seed_16:Cavernoma (malformação cavernosa) | seed_21:Hematoma subdural | seed_22:Hematoma epidural | seed_52:Ependimoma medular | seed_60:Hematoma epidural espinhal | seed_77:Hematoma paravertebral | seed_102:Fratura de costela com hematoma associado | seed_150:Hematoma pós-cirúrgico | seed_153:Adenoma hepatocelular | seed_164:Neoplasia sólida pseudopapilar (tumor de Frantz) | seed_177:Carcinoma adrenocortical | seed_179:Hemorragia adrenal (hematoma) | seed_196:Hemorragia retroperitoneal espontânea | seed_201:Leiomiossarcoma uterino | seed_216:Tumor de células da granulosa | seed_221:Cisto hemorrágico ovariano | seed_232:Endometriose vaginal | seed_241:Tumor germinativo não seminomatoso | seed_251:Hematocele | seed_262:Endometriose vesical | seed_265:Fratura peniana (ruptura da túnica albugínea) | seed_272:Hematoma de cordão espermático | seed_294:Sarcoma sinovial | seed_317:Hematoma muscular intramuscular | seed_318:Ruptura muscular (distensão de grau III) | seed_321:Contusão muscular | seed_326:Úlcera aterosclerótica penetrante | seed_327:Hematoma intramural aórtico | seed_349:Malformação arteriovenosa cerebral | seed_350:Trombose de seio venoso cerebral | seed_351:Vasoespasmo cerebral (pós-hemorragia subaracnóidea) | seed_353:Dissecção de artéria vertebral | seed_356:Dissecção espontânea de artéria mesentérica superior | seed_384:Hemorragia intraventricular do prematuro | seed_388:Hemorragia adrenal neonatal | seed_401:Hematoma esplênico traumático | seed_402:Laceração hepática traumática | seed_404:Fratura de bacia com sangramento ativo | seed_405:Ruptura de bexiga traumática | seed_418:Ruptura traumática da aorta | seed_421:Ruptura de aneurisma de aorta abdominal | seed_422:Gravidez ectópica | seed_423:Cisto ovariano roto | seed_432:Hemorragia intracraniana espontânea (hipertensiva) | seed_433:Hemorragia subaracnóidea aneurismática | seed_438:Trauma renal com laceração | seed_481:PRES (síndrome de encefalopatia posterior reversível) | seed_557:Hemorragia pós-biópsia prostática | seed_593:Carcinoma renal de células claras | seed_622:Hemorragia alveolar difusa | seed_631:Gestação ectópica tubária | seed_650:Cavernoma de tronco encefálico | seed_665:Hemorragia de vesícula seminal | seed_682:Hematoma pós-operatório mamário | seed_685:Hematoma da parede torácica | seed_691:Hematoma retroperitoneal | seed_701:Hemorragia intraventricular | seed_758:Dissecção de artéria carótida interna cervical | seed_860:GIST gástrico (tumor estromal) | seed_914:Degeneração rubra de leiomioma na gestação | seed_918:Gravidez cervical (ectópica no canal cervical) | seed_937:Hematoma de parede abdominal pós-cesárea | seed_940:Hemorragia pós-parto por atonia uterina | seed_944:Hematoma pós-biópsia | seed_958:Hematoma retroperitoneal pós-cateterismo femoral | seed_1008:Complicação de prótese peniana | seed_1013:Descolamento prematuro de placenta | seed_1055:Hematoma mamário masculino pós-traumático | seed_1064:Rotura uterina",""
"crescimento rápido","11","MANTER","nenhuma","","Tag clara, consistente, sem indício de redundância ou ambiguidade identificado na varredura.","seed_4:Apoplexia hipofisária | seed_37:Rabdomiossarcoma orbitário | seed_121:Tumor filoide | seed_177:Carcinoma adrenocortical | seed_178:Metástase adrenal | seed_201:Leiomiossarcoma uterino | seed_204:Carcinossarcoma uterino (tumor mülleriano misto) | seed_299:Rabdomiossarcoma | seed_309:Tumor maligno de bainha do nervo periférico (MPNST) | seed_573:Endoleak pós-EVAR | seed_1101:Fasciíte nodular",""
"hipoecogênico","21","MANTER","nenhuma","","Tag clara, consistente, sem indício de redundância ou ambiguidade identificado na varredura.","seed_5:Hipofisite linfocítica | seed_118:Fibroadenoma | seed_123:Carcinoma lobular invasivo | seed_125:Linfonodo intramamário | seed_127:Linfonodo axilar reativo | seed_128:Linfonodo axilar metastático | seed_129:Linfoma axilar | seed_220:Tumor de Sertoli-Leydig | seed_242:Tumor de células de Leydig | seed_243:Linfoma testicular | seed_249:Tumor de células de Sertoli | seed_273:Tumor adenomatoide de cordão espermático | seed_280:Leiomioma epididimário | seed_307:Neuroma de Morton | seed_448:Carcinoma papilífero da tireoide | seed_454:Linfonodo cervical reacional/inflamatório | seed_589:Carcinoma ductal invasivo / NST | seed_604:Seminoma testicular | seed_899:Trombose do seio marginal placentário | seed_994:Adenopatia inguinal reacional | seed_1031:Ginecomastia",""
"realce em anel","28","MANTER","nenhuma","","Conceitos relacionados mas distintos (padrão anelar completo vs periférico em geral) — distinção clinicamente intencional, exemplo citado pelo usuário avaliado e descartado como redundância — grupo G7.","seed_8:Glioblastoma | seed_10:Metástase cerebral | seed_11:Abscesso cerebral | seed_14:Neurocisticercose | seed_58:Abscesso epidural | seed_76:Abscesso paravertebral | seed_87:Abscesso pulmonar | seed_126:Abscesso mamário | seed_131:Abscesso axilar (hidradenite supurativa) | seed_149:Abscesso pós-operatório | seed_155:Metástase hepática | seed_158:Abscesso hepático piogênico | seed_172:Pielonefrite / abscesso renal | seed_256:Abscesso prostático | seed_436:Pionefrose | seed_457:Tuberculose ganglionar cervical (escrofulose) | seed_461:Abscesso peritonsilar | seed_477:Esclerose múltipla | seed_479:Desmielinização tumefativa | seed_492:Abscesso retrofaríngeo | seed_544:Abscesso esplênico | seed_549:Piossalpinge | seed_559:Abscesso de Brodie | seed_960:Abscesso intra-abdominal pós-cirúrgico | seed_969:Necrose por radiação cerebral | seed_991:Abscesso do músculo psoas | seed_1018:Artrite séptica facetária | seed_1163:Linfadenite bacteriana supurativa cervical",""
"necrótico","22","MANTER","nenhuma","","Tag clara, consistente, sem indício de redundância ou ambiguidade identificado na varredura.","seed_8:Glioblastoma | seed_11:Abscesso cerebral | seed_122:Necrose gordurosa | seed_147:Necrose de retalho pós-reconstrução | seed_165:Pancreatite aguda | seed_177:Carcinoma adrenocortical | seed_201:Leiomiossarcoma uterino | seed_204:Carcinossarcoma uterino (tumor mülleriano misto) | seed_241:Tumor germinativo não seminomatoso | seed_302:Necrose avascular (osteonecrose) | seed_374:Doença de Legg-Calvé-Perthes | seed_455:Linfonodo metastático cervical (carcinoma espinocelular) | seed_456:Linfoma cervical | seed_457:Tuberculose ganglionar cervical (escrofulose) | seed_520:Adenopatia mediastinal por sarcoidose | seed_578:Sinusite fúngica invasiva | seed_593:Carcinoma renal de células claras | seed_625:Linfoma do mediastino | seed_627:Calcificações por necrose gordurosa | seed_723:Pancreatite necrosante | seed_860:GIST gástrico (tumor estromal) | seed_1046:Metástase cervical de sítio primário desconhecido",""
"infiltrativa","40","MANTER","nenhuma","","Tag clara, consistente, sem indício de redundância ou ambiguidade identificado na varredura.","seed_8:Glioblastoma | seed_9:Astrocitoma difuso de baixo grau | seed_12:Oligodendroglioma | seed_26:Pineoblastoma | seed_45:Metástase óssea vertebral | seed_53:Astrocitoma medular | seed_59:Metástase epidural | seed_81:Neurofibroma paravertebral (plexiforme) | seed_94:Mesotelioma pleural | seed_105:Fibromatose da parede torácica (tumor desmoide) | seed_106:Carcinoma adenoide cístico de traqueia | seed_123:Carcinoma lobular invasivo | seed_171:Carcinoma urotelial de pelve renal | seed_173:Linfoma renal | seed_188:Tumor desmoide mesentérico | seed_193:Fibrose retroperitoneal | seed_198:Adenomiose | seed_243:Linfoma testicular | seed_293:Tumor desmoide (fibromatose) | seed_299:Rabdomiossarcoma | seed_308:Neurofibroma plexiforme | seed_371:Glioma difuso de tronco encefálico (DIPG) | seed_491:Carcinoma espinocelular de orofaringe | seed_506:Metástase epidural com compressão medular | seed_538:Carcinoma de vesícula biliar | seed_539:Colangiocarcinoma hilar (tumor de Klatskin) | seed_540:Adenocarcinoma gástrico | seed_547:Endometriose profunda infiltrativa | seed_553:Adenocarcinoma cervical | seed_578:Sinusite fúngica invasiva | seed_581:Metástases ósseas vertebrais | seed_586:Carcinoma pulmonar de pequenas células | seed_591:Adenocarcinoma ductal pancreático | seed_601:Mieloma múltiplo | seed_616:Carcinoma espinocelular de laringe | seed_630:Carcinoma espinocelular do colo uterino | seed_989:Tireoidite de Riedel | seed_1036:Fibromatose muscular (miosite proliferativa) | seed_1153:Fascite necrosante cervical | seed_1154:Mediastinite necrosante descendente",""
"restrição à difusão","33","MANTER","nenhuma","","Tag clara, consistente, sem indício de redundância ou ambiguidade identificado na varredura.","seed_8:Glioblastoma | seed_11:Abscesso cerebral | seed_13:Encefalite herpética | seed_26:Pineoblastoma | seed_58:Abscesso epidural | seed_83:Carcinoma broncogênico | seed_154:Carcinoma hepatocelular | seed_155:Metástase hepática | seed_200:Carcinoma de endométrio | seed_204:Carcinossarcoma uterino (tumor mülleriano misto) | seed_214:Cistoadenocarcinoma ovariano | seed_223:Carcinoma de colo do útero | seed_229:Carcinoma vaginal | seed_237:Carcinoma tubário primário | seed_253:Adenocarcinoma de próstata | seed_254:Prostatite | seed_369:Meduloblastoma | seed_373:Tumor teratoide/rabdoide atípico (ATRT) | seed_428:AVC isquêmico agudo | seed_431:Encefalopatia hipóxico-isquêmica | seed_459:Carcinoma espinocelular de língua/assoalho de boca | seed_476:Colesteatoma | seed_482:Cisto epidermoide intracraniano | seed_484:Doença de Creutzfeldt-Jakob | seed_503:Infarto medular | seed_576:Empiema subdural intracraniano | seed_590:Metástases hepáticas | seed_596:Carcinoma endometrial | seed_630:Carcinoma espinocelular do colo uterino | seed_642:Colesteatoma congênito (epidermoide) da base do crânio | seed_875:Carcinoma colorretal | seed_1002:Carcinoma de orofaringe relacionado ao HPV | seed_1023:Estado de mal epiléptico (alterações pós-ictais)",""
"margens irregulares","154","MANTER","nenhuma","","Tag clara, consistente, sem indício de redundância ou ambiguidade identificado na varredura.","seed_8:Glioblastoma | seed_26:Pineoblastoma | seed_30:Metástase craniana (calvária) | seed_37:Rabdomiossarcoma orbitário | seed_44:Metástase intraventricular | seed_67:Metástase sacral | seed_79:Tumor de Pancoast (extensão paravertebral) | seed_83:Carcinoma broncogênico | seed_86:Metástase pulmonar (nódulo único) | seed_101:Tumor de Askin (PNET de parede torácica) | seed_104:Metástase de parede torácica | seed_105:Fibromatose da parede torácica (tumor desmoide) | seed_109:Estenose traqueal pós-intubação | seed_111:Traqueobroncomalácia | seed_122:Necrose gordurosa | seed_123:Carcinoma lobular invasivo | seed_128:Linfonodo axilar metastático | seed_141:Ruptura extracapsular de prótese mamária | seed_146:Fibrose cicatricial madura | seed_147:Necrose de retalho pós-reconstrução | seed_148:Recidiva tumoral em cicatriz cirúrgica | seed_157:Colangiocarcinoma intra-hepático | seed_167:Carcinoma de células renais | seed_171:Carcinoma urotelial de pelve renal | seed_177:Carcinoma adrenocortical | seed_183:Infarto esplênico | seed_188:Tumor desmoide mesentérico | seed_201:Leiomiossarcoma uterino | seed_204:Carcinossarcoma uterino (tumor mülleriano misto) | seed_214:Cistoadenocarcinoma ovariano | seed_223:Carcinoma de colo do útero | seed_229:Carcinoma vaginal | seed_253:Adenocarcinoma de próstata | seed_258:Carcinoma urotelial de bexiga | seed_281:Osteossarcoma | seed_293:Tumor desmoide (fibromatose) | seed_299:Rabdomiossarcoma | seed_309:Tumor maligno de bainha do nervo periférico (MPNST) | seed_312:Ruptura do tendão do manguito rotador | seed_313:Ruptura do ligamento cruzado anterior | seed_315:Ruptura do tendão de Aquiles | seed_316:Ruptura do tendão distal do bíceps | seed_318:Ruptura muscular (distensão de grau III) | seed_326:Úlcera aterosclerótica penetrante | seed_336:Compressão de veia cava inferior | seed_341:Linfangiossarcoma (síndrome de Stewart-Treves) | seed_343:Doença arterial periférica (estenose aterosclerótica) | seed_345:Displasia fibromuscular arterial | seed_346:Doença de Buerger (tromboangeíte obliterante) | seed_347:Fenômeno de Raynaud | seed_348:Síndrome do aprisionamento da artéria poplítea | seed_354:Estenose de artéria renal (aterosclerótica) | seed_355:Síndrome do ligamento arqueado mediano | seed_357:Isquemia mesentérica crônica | seed_362:Neuroblastoma | seed_375:Fratura em galho verde | seed_390:Coarctação da aorta | seed_391:Tetralogia de Fallot | seed_402:Laceração hepática traumática | seed_406:Lesão diafragmática traumática | seed_416:Vasculite pulmonar (granulomatose com poliangiite) | seed_418:Ruptura traumática da aorta | seed_438:Trauma renal com laceração | seed_448:Carcinoma papilífero da tireoide | seed_452:Carcinoma mucoepidermoide | seed_455:Linfonodo metastático cervical (carcinoma espinocelular) | seed_459:Carcinoma espinocelular de língua/assoalho de boca | seed_463:Carcinoma de laringe (glótico) | seed_471:Carcinoma de seio maxilar | seed_491:Carcinoma espinocelular de orofaringe | seed_516:Tuberculose pulmonar pós-primária | seed_525:Doença de Paget da mama | seed_527:Carcinoma tubular da mama | seed_533:Cirrose hepática | seed_538:Carcinoma de vesícula biliar | seed_547:Endometriose profunda infiltrativa | seed_548:Placenta acreta spectrum | seed_553:Adenocarcinoma cervical | seed_589:Carcinoma ductal invasivo / NST | seed_591:Adenocarcinoma ductal pancreático | seed_616:Carcinoma espinocelular de laringe | seed_643:Fratura de base de crânio | seed_669:Tumor primário de vesícula seminal (adenocarcinoma) | seed_760:Aterosclerose carotídea extracraniana | seed_852:Esofagite (candidíase/refluxo) | seed_853:Carcinoma esofágico | seed_858:Espasmo esofágico difuso | seed_869:Adenocarcinoma de intestino delgado | seed_875:Carcinoma colorretal | seed_881:Adenocarcinoma apendicular | seed_895:Inserção velamentosa do cordão umbilical | seed_900:Anencefalia | seed_901:Mielomeningocele (espinha bífida aberta) | seed_903:Gastrosquise | seed_904:Acretismo placentário (placenta acreta/increta/percreta) | seed_907:Cardiopatia congênita fetal (ecocardiografia fetal) | seed_908:Displasia esquelética fetal | seed_909:Holoprosencefalia | seed_916:Síndrome da banda amniótica | seed_921:Gêmeo acárdico (sequência TRAP) | seed_936:Deiscência de cicatriz de cesárea | seed_947:Disseminação tumoral pelo trajeto de biópsia | seed_957:Fratura vertebral adjacente pós-vertebroplastia | seed_967:Pneumonite actínica | seed_968:Fibrose actínica pulmonar | seed_970:Osteorradionecrose mandibular | seed_971:Enterite actínica crônica | seed_973:Doença hepática induzida por radiação (RILD) | seed_975:Malposicionamento de cateter venoso central | seed_976:Migração de tubo de drenagem torácica | seed_979:Fratura de cateter com embolização de fragmento | seed_981:Perfuração vesical por cateter urinário | seed_982:Erosão de dispositivo de oclusão septal atrial | seed_992:Metástase paravertebral de partes moles | seed_995:Adenose esclerosante | seed_996:Ameloblastoma | seed_1001:Carcinoma de mama masculino | seed_1015:Displasia fibromuscular de artéria renal | seed_1016:Doença arterial coronariana (placa e estenose) | seed_1017:Espondilolistese ístmica | seed_1020:Síndrome facetária pós-laminectomia (instabilidade adjacente) | seed_1027:Estenose vaginal pós-radioterapia | seed_1029:Fratura de Salter-Harris | seed_1037:Sarcoma de partes moles intramuscular | seed_1042:Estenose traqueal idiopática | seed_1046:Metástase cervical de sítio primário desconhecido | seed_1056:Metástase mamária masculina | seed_1061:Malformação de Chiari tipo II | seed_1064:Rotura uterina | seed_1066:Ruptura do ligamento colateral ulnar do polegar (lesão do esquiador) | seed_1090:Ruptura diafragmática crônica (hérnia tardia) | seed_1093:Adamantinoma | seed_1104:Lesão do ligamento talofibular anterior (entorse de tornozelo) | seed_1116:Hipospádia | seed_1121:Raquitismo | seed_1122:Maus-tratos infantis (síndrome da criança espancada) | seed_1123:Craniossinostose | seed_1126:Lisencefalia | seed_1127:Polimicrogiria | seed_1129:Esquizencefalia | seed_1130:Lesão labral SLAP (superior labrum anterior-posterior) | seed_1131:Lesão de Bankart (labral anteroinferior) | seed_1132:Lesão de Hill-Sachs | seed_1140:Luxação acromioclavicular | seed_1144:Lesão do ligamento colateral ulnar do cotovelo | seed_1146:Instabilidade posterolateral rotatória do cotovelo | seed_1148:Fratura da cabeça do rádio | seed_1151:Ruptura do tendão do tríceps | seed_1170:Subluxação/luxação do tendão da cabeça longa do bíceps | seed_1171:Impacto femoroacetabular | seed_1172:Lesão labral acetabular | seed_1176:Ruptura do tendão do subescapular | seed_1188:Lesão do ligamento deltoide do tornozelo | seed_1189:Lesão da sindesmose tibiofibular",""
"edema","79","MANTER","nenhuma","","Tag clara, consistente, sem indício de redundância ou ambiguidade identificado na varredura.","seed_8:Glioblastoma | seed_10:Metástase cerebral | seed_13:Encefalite herpética | seed_16:Cavernoma (malformação cavernosa) | seed_19:Metástase dural | seed_47:Fratura por compressão osteoporótica | seed_126:Abscesso mamário | seed_135:Carcinoma inflamatório da mama | seed_165:Pancreatite aguda | seed_172:Pielonefrite / abscesso renal | seed_219:Torção ovariana | seed_254:Prostatite | seed_259:Cistite | seed_301:Artrite reumatoide | seed_311:Neurite braquial aguda (síndrome de Parsonage-Turner) | seed_313:Ruptura do ligamento cruzado anterior | seed_320:Miosite infecciosa (piomiosite) | seed_321:Contusão muscular | seed_322:Rabdomiólise | seed_335:Flebite superficial (tromboflebite) | seed_337:Linfedema (primário ou secundário) | seed_341:Linfangiossarcoma (síndrome de Stewart-Treves) | seed_350:Trombose de seio venoso cerebral | seed_395:Apendicite aguda | seed_396:Diverticulite aguda | seed_398:Colecistite aguda | seed_434:Cólica renal obstrutiva (hidronefrose aguda) | seed_439:Gangrena de Fournier | seed_475:Otite média com efusão | seed_479:Desmielinização tumefativa | seed_481:PRES (síndrome de encefalopatia posterior reversível) | seed_492:Abscesso retrofaríngeo | seed_499:Alterações Modic dos platôs vertebrais | seed_500:Fratura por insuficiência sacral | seed_502:Mielite transversa | seed_506:Metástase epidural com compressão medular | seed_510:Edema pulmonar cardiogênico | seed_528:Mastite infecciosa | seed_544:Abscesso esplênico | seed_556:Vesiculite seminal | seed_560:Artrite séptica | seed_563:Fratura por estresse | seed_566:Condroblastoma | seed_572:Bursite trocantérica | seed_579:Celulite orbitária | seed_582:Espondilodiscite piogênica | seed_629:Pielonefrite aguda | seed_686:Infecção da parede torácica | seed_833:Angina de Ludwig | seed_843:Metástase cerebelar | seed_898:Corioamnionite | seed_905:Hidropisia fetal (hidrópsia) | seed_938:Tromboflebite pélvica séptica puerperal | seed_948:Infecção de sítio de drenagem | seed_965:Síndrome do compartimento abdominal pós-operatório | seed_969:Necrose por radiação cerebral | seed_977:Extravasamento de contraste iodado no sítio de injeção | seed_978:Infecção de bolsa de gerador (marca-passo/desfibrilador) | seed_983:Angioedema de vias aéreas pós-reação ao contraste | seed_1010:Costocondrite (síndrome de Tietze) | seed_1018:Artrite séptica facetária | seed_1033:Papiledema (edema de disco óptico) | seed_1048:Osteomielite de esterno/costela | seed_1087:Miocardite | seed_1103:Sacroileíte (espondiloartrite) | seed_1104:Lesão do ligamento talofibular anterior (entorse de tornozelo) | seed_1106:Miosite inflamatória (dermatomiosite/polimiosite) | seed_1107:Síndrome compartimental crônica de esforço | seed_1108:Denervação muscular (atrofia neurogênica) | seed_1153:Fascite necrosante cervical | seed_1156:Epiglotite aguda | seed_1158:Osteomielite da mandíbula | seed_1159:Sialoadenite bacteriana aguda (parotidite supurativa) | seed_1163:Linfadenite bacteriana supurativa cervical | seed_1166:Corpo estranho de partes moles (USG) | seed_1183:Neuropatia compressiva do nervo ulnar no canal de Guyon | seed_1194:Síndrome da banda iliotibial | seed_1195:Doença de Osgood-Schlatter | seed_1198:Sesamoidite do hálux",""
"hipersinal T2","75","MANTER","nenhuma","","Tag clara, consistente, sem indício de redundância ou ambiguidade identificado na varredura.","seed_9:Astrocitoma difuso de baixo grau | seed_12:Oligodendroglioma | seed_13:Encefalite herpética | seed_35:Hemangioma cavernoso orbitário | seed_48:Espondilodiscite infecciosa | seed_64:Cordoma sacral | seed_75:Discite pós-operatória | seed_81:Neurofibroma paravertebral (plexiforme) | seed_140:Ruptura intracapsular de prótese mamária | seed_152:Hiperplasia nodular focal | seed_175:Feocromocitoma | seed_194:Paraganglioma retroperitoneal (extra-adrenal) | seed_198:Adenomiose | seed_207:Piométrio | seed_297:Neurofibroma | seed_298:Hemangioma de partes moles | seed_303:Osteocondrite dissecante | seed_306:Schwannoma de nervo periférico | seed_308:Neurofibroma plexiforme | seed_310:Neuropatia compressiva do nervo ulnar (túnel cubital) | seed_311:Neurite braquial aguda (síndrome de Parsonage-Turner) | seed_312:Ruptura do tendão do manguito rotador | seed_313:Ruptura do ligamento cruzado anterior | seed_314:Tendinite calcária | seed_315:Ruptura do tendão de Aquiles | seed_316:Ruptura do tendão distal do bíceps | seed_322:Rabdomiólise | seed_371:Glioma difuso de tronco encefálico (DIPG) | seed_385:Leucomalácia periventricular | seed_420:Embolia gordurosa pulmonar | seed_477:Esclerose múltipla | seed_479:Desmielinização tumefativa | seed_481:PRES (síndrome de encefalopatia posterior reversível) | seed_483:Encefalomielite aguda disseminada (ADEM) | seed_487:Esclerose osmótica pontina | seed_496:Cordoma do clivus | seed_499:Alterações Modic dos platôs vertebrais | seed_502:Mielite transversa | seed_503:Infarto medular | seed_513:Pneumonia intersticial não específica (NSIP) | seed_526:Carcinoma mucinoso da mama | seed_569:Síndrome do túnel do carpo | seed_615:Adenoma pleomórfico de parótida | seed_638:Neurite óptica | seed_639:Condrossarcoma petroclival | seed_648:Esclerose múltipla do tronco encefálico | seed_649:Encefalite de tronco encefálico | seed_651:Glioma pontino de baixo grau do adulto | seed_654:Cisto de Thornwaldt | seed_670:Adenoma pleomórfico de glândula salivar | seed_674:Granuloma de colesterol do ápice petroso | seed_677:Condrossarcoma sacral | seed_787:Inflamação do quiasma óptico | seed_814:Perineurioma intraneural | seed_972:Mielopatia actínica | seed_1023:Estado de mal epiléptico (alterações pós-ictais) | seed_1086:Neurofibroma mediastinal (mediastino posterior) | seed_1099:Mixoma intramuscular | seed_1104:Lesão do ligamento talofibular anterior (entorse de tornozelo) | seed_1105:Fasciíte plantar | seed_1106:Miosite inflamatória (dermatomiosite/polimiosite) | seed_1108:Denervação muscular (atrofia neurogênica) | seed_1130:Lesão labral SLAP (superior labrum anterior-posterior) | seed_1131:Lesão de Bankart (labral anteroinferior) | seed_1135:Bursite subacromial-subdeltóidea | seed_1143:Epicondilite medial (cotovelo de golfista) | seed_1144:Lesão do ligamento colateral ulnar do cotovelo | seed_1149:Síndrome do túnel radial (neuropatia do nervo interósseo posterior) | seed_1151:Ruptura do tendão do tríceps | seed_1172:Lesão labral acetabular | seed_1180:Lesão do complexo fibrocartilagem triangular (TFCC) | seed_1183:Neuropatia compressiva do nervo ulnar no canal de Guyon | seed_1185:Meralgia parestésica (neuropatia do nervo cutâneo femoral lateral) | seed_1197:Lesão da placa plantar (articulação metatarsofalângica) | seed_1200:Síndrome do espaço quadrilátero (neuropatia do nervo axilar)",""
"multifocal","46","MANTER","nenhuma","","Tag clara, consistente, sem indício de redundância ou ambiguidade identificado na varredura.","seed_10:Metástase cerebral | seed_14:Neurocisticercose | seed_19:Metástase dural | seed_30:Metástase craniana (calvária) | seed_57:Metástase leptomeníngea (drop metástase) | seed_81:Neurofibroma paravertebral (plexiforme) | seed_89:Linfoma mediastinal | seed_107:Papilomatose respiratória recorrente | seed_131:Abscesso axilar (hidradenite supurativa) | seed_138:Metástase cutânea de mama | seed_155:Metástase hepática | seed_182:Linfoma esplênico | seed_186:Carcinomatose peritoneal | seed_189:Linfoma mesentérico | seed_195:Linfadenopatia retroperitoneal (linfoma) | seed_246:Microlitíase testicular | seed_305:Condromatose sinovial | seed_308:Neurofibroma plexiforme | seed_351:Vasoespasmo cerebral (pós-hemorragia subaracnóidea) | seed_376:Exostose hereditária múltipla | seed_429:Mola hidatiforme | seed_430:Síndrome de hiperestimulação ovariana | seed_444:Bócio multinodular | seed_450:Tumor de Warthin | seed_453:Cisto linfoepitelial benigno (HIV) | seed_456:Linfoma cervical | seed_457:Tuberculose ganglionar cervical (escrofulose) | seed_465:Papilomatose laríngea recorrente | seed_477:Esclerose múltipla | seed_483:Encefalomielite aguda disseminada (ADEM) | seed_508:Broncopneumonia | seed_509:Pneumonia em organização | seed_514:Pneumonite por hipersensibilidade | seed_515:Sarcoidose pulmonar | seed_516:Tuberculose pulmonar pós-primária | seed_517:Embolia séptica pulmonar | seed_545:Doença renal policística autossômica dominante | seed_561:Gota | seed_581:Metástases ósseas vertebrais | seed_587:Metástases pulmonares hematogênicas | seed_600:Metástases ósseas | seed_601:Mieloma múltiplo | seed_608:Síndrome de vasoconstrição cerebral reversível | seed_635:Hiperplasia de paratireoides | seed_872:Doença diverticular (diverticulose) | seed_1053:Poliquistose epididimária",""
"edema desproporcional","1","MANTER","nenhuma","","Descritor específico de uso único, sem indício de redundância com outra tag na varredura — classificado como útil/específica.","seed_10:Metástase cerebral",""
"crescimento lento","38","MANTER","nenhuma","","Tag clara, consistente, sem indício de redundância ou ambiguidade identificado na varredura.","seed_12:Oligodendroglioma | seed_21:Hematoma subdural | seed_24:Pineocitoma | seed_71:Doença degenerativa discal | seed_73:Vácuo discal | seed_74:Calcificação discal idiopática (infância) | seed_99:Fibrotórax (espessamento pleural difuso pós-inflamatório) | seed_103:Lipoma de parede torácica | seed_118:Fibroadenoma | seed_220:Tumor de Sertoli-Leydig | seed_282:Condrossarcoma | seed_300:Osteoartrose (osteoartrite) | seed_326:Úlcera aterosclerótica penetrante | seed_458:Doença de Castleman | seed_497:Estenose degenerativa do canal vertebral | seed_498:Espondilolistese degenerativa | seed_505:Espondilite anquilosante | seed_518:Bronquiectasias | seed_533:Cirrose hepática | seed_543:Pancreatite crônica | seed_567:Tendinopatia do manguito rotador | seed_615:Adenoma pleomórfico de parótida | seed_637:Schwannoma retroperitoneal | seed_658:Schwannoma cervical | seed_670:Adenoma pleomórfico de glândula salivar | seed_697:Displasia fibrosa craniofacial | seed_854:Acalasia | seed_861:Linfoma gástrico (tipo MALT) | seed_893:Restrição de crescimento fetal (RCF) | seed_922:Discordância de crescimento entre gêmeos | seed_925:Restrição seletiva de crescimento fetal (gemelar monocoriônica) | seed_968:Fibrose actínica pulmonar | seed_997:Artrose facetária (espondilose) | seed_1081:Nódulo em vidro fosco persistente (adenocarcinoma in situ) | seed_1093:Adamantinoma | seed_1171:Impacto femoroacetabular | seed_1187:Disfunção/ruptura do tendão tibial posterior | seed_1196:Síndrome da prega sinovial medial (plica)",""
"hipossinal T2","26","MANTER","nenhuma","","Tag clara, consistente, sem indício de redundância ou ambiguidade identificado na varredura.","seed_16:Cavernoma (malformação cavernosa) | seed_70:Hérnia de disco intervertebral | seed_71:Doença degenerativa discal | seed_105:Fibromatose da parede torácica (tumor desmoide) | seed_146:Fibrose cicatricial madura | seed_188:Tumor desmoide mesentérico | seed_193:Fibrose retroperitoneal | seed_199:Adenomioma | seed_210:Endometrioma | seed_215:Fibroma / Fibrotecoma ovariano | seed_225:Leiomioma cervical | seed_234:Fibroma vaginal | seed_253:Adenocarcinoma de próstata | seed_264:Doença de Peyronie (placa fibrosa peniana) | seed_293:Tumor desmoide (fibromatose) | seed_296:Tumor de células gigantes de bainha tendínea | seed_302:Necrose avascular (osteonecrose) | seed_304:Sinovite vilonodular pigmentada (PVNS) | seed_307:Neuroma de Morton | seed_547:Endometriose profunda infiltrativa | seed_551:Tumor de Brenner | seed_552:Tecoma ovariano | seed_595:Leiomioma uterino | seed_667:Amiloidose de vesícula seminal | seed_1098:Fibromatose palmar (contratura de Dupuytren) | seed_1114:Fibromatose plantar (doença de Ledderhose)",""
"malformação congênita","67","MANTER","nenhuma","","Tag clara, consistente, sem indício de redundância ou ambiguidade identificado na varredura.","seed_16:Cavernoma (malformação cavernosa) | seed_56:Lipoma intradural | seed_66:Meningocele sacral anterior | seed_206:Malformação mülleriana (útero bicorno/septado) | seed_227:Cisto mesonéfrico cervical (remanescente de Wolff) | seed_230:Cisto do ducto de Gartner | seed_331:Malformação venosa | seed_338:Malformação linfática de partes moles | seed_349:Malformação arteriovenosa cerebral | seed_364:Linfangioma cístico (malformação linfática) | seed_372:Displasia do desenvolvimento do quadril | seed_376:Exostose hereditária múltipla | seed_377:Malformação das vias aéreas pulmonares congênita (CPAM) | seed_378:Hérnia diafragmática congênita | seed_379:Sequestro pulmonar | seed_380:Enfisema lobar congênito | seed_382:Atresia brônquica congênita | seed_386:Persistência do canal arterial | seed_389:Comunicação interventricular (CIV) | seed_390:Coarctação da aorta | seed_391:Tetralogia de Fallot | seed_392:Transposição das grandes artérias | seed_393:Anomalia de Ebstein | seed_394:Estenose pulmonar valvar | seed_657:Linfangioma cervical (malformação linfática) | seed_668:Agenesia de vesícula seminal | seed_837:Cisto do ducto mülleriano | seed_871:Divertículo de Meckel | seed_900:Anencefalia | seed_901:Mielomeningocele (espinha bífida aberta) | seed_902:Onfalocele | seed_903:Gastrosquise | seed_905:Hidropisia fetal (hidrópsia) | seed_906:Ventriculomegalia fetal | seed_907:Cardiopatia congênita fetal (ecocardiografia fetal) | seed_908:Displasia esquelética fetal | seed_909:Holoprosencefalia | seed_923:Agenesia do corpo caloso | seed_927:Hidronefrose fetal | seed_928:Válvula de uretra posterior | seed_929:Rim displásico multicístico | seed_930:Duplicação do sistema coletor fetal | seed_931:Agenesia renal bilateral | seed_932:Rim policístico infantil (autossômico recessivo) | seed_933:Megabexiga fetal | seed_934:Ureterocele fetal | seed_1003:Cisto de duplicação esofágica | seed_1009:Comunicação interatrial (CIA) | seed_1043:Malformação arteriovenosa pulmonar | seed_1061:Malformação de Chiari tipo II | seed_1063:Rim multicístico displásico | seed_1109:Atresia esofágica com fístula traqueoesofágica | seed_1110:Atresia duodenal | seed_1112:Doença de Hirschsprung | seed_1115:Criptorquidia | seed_1116:Hipospádia | seed_1117:Refluxo vesicoureteral | seed_1118:Estenose de junção ureteropélvica | seed_1119:Acondroplasia | seed_1120:Osteogênese imperfeita | seed_1123:Craniossinostose | seed_1126:Lisencefalia | seed_1127:Polimicrogiria | seed_1128:Displasia septo-óptica | seed_1129:Esquizencefalia | seed_1141:Malformação de Dandy-Walker | seed_1142:Malformação de Chiari tipo I",""
"sólido-cístico","23","MANTER","nenhuma","","Tag clara, consistente, sem indício de redundância ou ambiguidade identificado na varredura.","seed_18:Schwannoma vestibular | seed_27:Teratoma pineal | seed_64:Cordoma sacral | seed_93:Schwannoma mediastinal (mediastino posterior) | seed_121:Tumor filoide | seed_164:Neoplasia sólida pseudopapilar (tumor de Frantz) | seed_197:Teratoma retroperitoneal | seed_211:Teratoma maduro (cisto dermoide) | seed_214:Cistoadenocarcinoma ovariano | seed_216:Tumor de células da granulosa | seed_222:Abscesso tubo-ovariano | seed_237:Carcinoma tubário primário | seed_278:Cistadenoma papilar do epidídimo | seed_294:Sarcoma sinovial | seed_379:Sequestro pulmonar | seed_422:Gravidez ectópica | seed_450:Tumor de Warthin | seed_452:Carcinoma mucoepidermoide | seed_489:Hemangioblastoma cerebelar | seed_550:Cistoadenofibroma ovariano | seed_598:Carcinoma seroso de alto grau do ovário | seed_860:GIST gástrico (tumor estromal) | seed_918:Gravidez cervical (ectópica no canal cervical)",""
"forma de 'haltere'","3","MANTER","nenhuma","","Tag clara, consistente, sem indício de redundância ou ambiguidade identificado na varredura.","seed_21:Hematoma subdural | seed_54:Schwannoma intradural extramedular | seed_78:Schwannoma paravertebral",""
"trauma","78","MANTER","nenhuma","","Tag clara, consistente, sem indício de redundância ou ambiguidade identificado na varredura.","seed_22:Hematoma epidural | seed_77:Hematoma paravertebral | seed_102:Fratura de costela com hematoma associado | seed_184:Esplenose (implante esplênico ectópico) | seed_251:Hematocele | seed_265:Fratura peniana (ruptura da túnica albugínea) | seed_272:Hematoma de cordão espermático | seed_313:Ruptura do ligamento cruzado anterior | seed_315:Ruptura do tendão de Aquiles | seed_316:Ruptura do tendão distal do bíceps | seed_317:Hematoma muscular intramuscular | seed_318:Ruptura muscular (distensão de grau III) | seed_319:Miosite ossificante | seed_321:Contusão muscular | seed_325:Pseudoaneurisma aórtico | seed_375:Fratura em galho verde | seed_401:Hematoma esplênico traumático | seed_402:Laceração hepática traumática | seed_404:Fratura de bacia com sangramento ativo | seed_405:Ruptura de bexiga traumática | seed_406:Lesão diafragmática traumática | seed_418:Ruptura traumática da aorta | seed_419:Hemotórax traumático | seed_420:Embolia gordurosa pulmonar | seed_438:Trauma renal com laceração | seed_558:Priapismo de alto fluxo | seed_643:Fratura de base de crânio | seed_672:Fratura do osso temporal | seed_685:Hematoma da parede torácica | seed_711:Lesão traumática de nervo periférico | seed_758:Dissecção de artéria carótida interna cervical | seed_759:Pseudoaneurisma traumático de carótida cervical | seed_772:Fratura costal | seed_782:Ruptura do tendão do quadríceps | seed_783:Lesão do ligamento colateral medial do joelho | seed_958:Hematoma retroperitoneal pós-cateterismo femoral | seed_1029:Fratura de Salter-Harris | seed_1039:Lesão traumática de alça intestinal/mesentério | seed_1052:Perfuração esofágica (síndrome de Boerhaave) | seed_1055:Hematoma mamário masculino pós-traumático | seed_1066:Ruptura do ligamento colateral ulnar do polegar (lesão do esquiador) | seed_1090:Ruptura diafragmática crônica (hérnia tardia) | seed_1104:Lesão do ligamento talofibular anterior (entorse de tornozelo) | seed_1122:Maus-tratos infantis (síndrome da criança espancada) | seed_1131:Lesão de Bankart (labral anteroinferior) | seed_1132:Lesão de Hill-Sachs | seed_1140:Luxação acromioclavicular | seed_1145:Bursite do olécrano | seed_1146:Instabilidade posterolateral rotatória do cotovelo | seed_1148:Fratura da cabeça do rádio | seed_1150:Cotovelo de babá (subluxação da cabeça do rádio) | seed_1151:Ruptura do tendão do tríceps | seed_1161:Perfuração timpânica traumática | seed_1166:Corpo estranho de partes moles (USG) | seed_1167:Subluxação/luxação dos tendões fibulares | seed_1174:Bursite pré-patelar | seed_1180:Lesão do complexo fibrocartilagem triangular (TFCC) | seed_1181:Instabilidade escafolunar | seed_1184:Bursite isquiática | seed_1188:Lesão do ligamento deltoide do tornozelo | seed_1189:Lesão da sindesmose tibiofibular | seed_1209:Fratura da glenoide (Bankart ósseo) | seed_1212:Fratura do escafoide | seed_1216:Avulsão apofisária pélvica (atleta adolescente) | seed_1217:Ruptura do ligamento cruzado posterior | seed_1218:Fratura de Segond | seed_1219:Contusão óssea em padrão de pivot shift | seed_1220:Fratura de Jones (base do 5º metatarso) | seed_1225:Síndrome compartimental aguda | seed_1232:Lesão de Kim (labral posteroinferior oculta) | seed_1233:Lesão GLAD (glenolabral articular disruption) | seed_1234:Lesão ALPSA (avulsão labral com deslocamento medial do periósteo) | seed_1235:Lesão HAGL (avulsão umeral do ligamento glenoumeral inferior) | seed_1248:Sinal da vela (derrame articular do cotovelo) | seed_1255:Fratura do gancho do hamato | seed_1257:Lesão de Stener (LCU do polegar com interposição do adutor) | seed_1267:Luxação patelar lateral aguda (padrão de contusão típico) | seed_1271:Ruptura em alça de balde do menisco (bucket-handle)",""
"hipervascular","52","MANTER","nenhuma","","Tag clara, consistente, sem indício de redundância ou ambiguidade identificado na varredura.","seed_23:Hemangiopericitoma / tumor fibroso solitário meníngeo | seed_41:Papiloma de plexo coroide | seed_62:Angiolipoma epidural | seed_85:Tumor carcinoide pulmonar | seed_128:Linfonodo axilar metastático | seed_132:Linfonodo axilar reacional pós-vacinal | seed_152:Hiperplasia nodular focal | seed_153:Adenoma hepatocelular | seed_154:Carcinoma hepatocelular | seed_162:Tumor neuroendócrino pancreático | seed_166:Angiomiolipoma renal | seed_167:Carcinoma de células renais | seed_175:Feocromocitoma | seed_180:Hemangioma esplênico | seed_194:Paraganglioma retroperitoneal (extra-adrenal) | seed_217:Disgerminoma | seed_236:Salpingite aguda | seed_242:Tumor de células de Leydig | seed_243:Linfoma testicular | seed_247:Orquiepididimite aguda | seed_296:Tumor de células gigantes de bainha tendínea | seed_304:Sinovite vilonodular pigmentada (PVNS) | seed_379:Sequestro pulmonar | seed_429:Mola hidatiforme | seed_449:Carcinoma folicular da tireoide | seed_458:Doença de Castleman | seed_489:Hemangioblastoma cerebelar | seed_490:Angiofibroma nasofaríngeo juvenil | seed_495:Adenoma de paratireoide | seed_528:Mastite infecciosa | seed_548:Placenta acreta spectrum | seed_558:Priapismo de alto fluxo | seed_575:Fístula arteriovenosa adquirida | seed_577:Aneurisma intracraniano sacular | seed_593:Carcinoma renal de células claras | seed_604:Seminoma testicular | seed_617:Hemangioma vertebral agressivo | seed_635:Hiperplasia de paratireoides | seed_675:Paraganglioma jugular | seed_735:Retenção de produtos da concepção | seed_768:Paraganglioma retroperitoneal funcional | seed_804:Paraganglioma do corpo carotídeo | seed_866:Tumor carcinoide de intestino delgado | seed_879:Tumor carcinoide apendicular | seed_892:Corioangioma placentário | seed_941:Pseudoaneurisma uterino pós-parto | seed_954:Pseudoaneurisma de sítio de punção arterial | seed_1043:Malformação arteriovenosa pulmonar | seed_1050:Paraganglioma do filo terminal | seed_1100:Tumor glômico | seed_1152:Síndrome de Lemierre | seed_1155:Trombose do seio cavernoso",""
"realce heterogêneo","86","MANTER","nenhuma","","Tag clara, consistente, sem indício de redundância ou ambiguidade identificado na varredura.","seed_23:Hemangiopericitoma / tumor fibroso solitário meníngeo | seed_37:Rabdomiossarcoma orbitário | seed_40:Ependimoma intraventricular | seed_44:Metástase intraventricular | seed_45:Metástase óssea vertebral | seed_48:Espondilodiscite infecciosa | seed_53:Astrocitoma medular | seed_57:Metástase leptomeníngea (drop metástase) | seed_59:Metástase epidural | seed_75:Discite pós-operatória | seed_79:Tumor de Pancoast (extensão paravertebral) | seed_94:Mesotelioma pleural | seed_97:Tumor fibroso solitário da pleura | seed_101:Tumor de Askin (PNET de parede torácica) | seed_106:Carcinoma adenoide cístico de traqueia | seed_134:Doença de Paget do mamilo | seed_136:Fístula mamária periductal (mastite periductal) | seed_138:Metástase cutânea de mama | seed_148:Recidiva tumoral em cicatriz cirúrgica | seed_157:Colangiocarcinoma intra-hepático | seed_167:Carcinoma de células renais | seed_169:Cisto renal complexo (Bosniak III/IV) | seed_178:Metástase adrenal | seed_185:Hamartoma esplênico | seed_192:Liposarcoma retroperitoneal | seed_200:Carcinoma de endométrio | seed_214:Cistoadenocarcinoma ovariano | seed_217:Disgerminoma | seed_218:Metástase ovariana (tumor de Krukenberg) | seed_222:Abscesso tubo-ovariano | seed_223:Carcinoma de colo do útero | seed_229:Carcinoma vaginal | seed_231:Sarcoma botrioide (rabdomiossarcoma vaginal) | seed_241:Tumor germinativo não seminomatoso | seed_258:Carcinoma urotelial de bexiga | seed_292:Liposarcoma | seed_294:Sarcoma sinovial | seed_299:Rabdomiossarcoma | seed_309:Tumor maligno de bainha do nervo periférico (MPNST) | seed_320:Miosite infecciosa (piomiosite) | seed_325:Pseudoaneurisma aórtico | seed_331:Malformação venosa | seed_341:Linfangiossarcoma (síndrome de Stewart-Treves) | seed_369:Meduloblastoma | seed_373:Tumor teratoide/rabdoide atípico (ATRT) | seed_395:Apendicite aguda | seed_396:Diverticulite aguda | seed_450:Tumor de Warthin | seed_452:Carcinoma mucoepidermoide | seed_491:Carcinoma espinocelular de orofaringe | seed_496:Cordoma do clivus | seed_502:Mielite transversa | seed_525:Doença de Paget da mama | seed_528:Mastite infecciosa | seed_536:Colangite aguda | seed_538:Carcinoma de vesícula biliar | seed_540:Adenocarcinoma gástrico | seed_541:Doença de Crohn | seed_550:Cistoadenofibroma ovariano | seed_552:Tecoma ovariano | seed_553:Adenocarcinoma cervical | seed_556:Vesiculite seminal | seed_560:Artrite séptica | seed_573:Endoleak pós-EVAR | seed_579:Celulite orbitária | seed_581:Metástases ósseas vertebrais | seed_582:Espondilodiscite piogênica | seed_596:Carcinoma endometrial | seed_616:Carcinoma espinocelular de laringe | seed_618:Schwannoma espinhal | seed_630:Carcinoma espinocelular do colo uterino | seed_637:Schwannoma retroperitoneal | seed_639:Condrossarcoma petroclival | seed_658:Schwannoma cervical | seed_670:Adenoma pleomórfico de glândula salivar | seed_860:GIST gástrico (tumor estromal) | seed_882:Apendicite do coto (coto apendicular residual) | seed_948:Infecção de sítio de drenagem | seed_978:Infecção de bolsa de gerador (marca-passo/desfibrilador) | seed_993:Actinomicose tubo-ovariana | seed_1048:Osteomielite de esterno/costela | seed_1049:Osteomielite mandibular | seed_1087:Miocardite | seed_1101:Fasciíte nodular | seed_1158:Osteomielite da mandíbula | seed_1159:Sialoadenite bacteriana aguda (parotidite supurativa)",""
"gorduroso","35","MANTER","nenhuma","","Tag clara, consistente, sem indício de redundância ou ambiguidade identificado na varredura.","seed_27:Teratoma pineal | seed_46:Hemangioma vertebral | seed_56:Lipoma intradural | seed_61:Lipomatose epidural | seed_62:Angiolipoma epidural | seed_80:Lipoma paravertebral | seed_82:Hamartoma pulmonar | seed_90:Teratoma mediastinal maduro | seed_103:Lipoma de parede torácica | seed_122:Necrose gordurosa | seed_153:Adenoma hepatocelular | seed_166:Angiomiolipoma renal | seed_174:Adenoma adrenal (rico em lipídios) | seed_176:Mielolipoma adrenal | seed_192:Liposarcoma retroperitoneal | seed_197:Teratoma retroperitoneal | seed_210:Endometrioma | seed_211:Teratoma maduro (cisto dermoide) | seed_270:Lipoma de cordão espermático | seed_291:Lipoma de partes moles | seed_292:Liposarcoma | seed_363:Teratoma sacrococcígeo | seed_499:Alterações Modic dos platôs vertebrais | seed_522:Hamartoma mamário | seed_529:Galactocele | seed_597:Teratoma cístico maduro | seed_627:Calcificações por necrose gordurosa | seed_684:Necrose gordurosa pós-operatória | seed_694:Tumor lipomatoso atípico do cordão espermático | seed_719:Tumor lipomatoso atípico de partes moles | seed_744:Lipoadenoma de paratireoide | seed_802:Lipoma cervical profundo | seed_1054:Pseudoginecomastia (lipomastia) | seed_1070:Timolipoma | seed_1102:Tumor lipomatoso atípico (lipossarcoma bem diferenciado)",""
"lítica","42","MANTER","nenhuma","","Tag clara, consistente, sem indício de redundância ou ambiguidade identificado na varredura.","seed_30:Metástase craniana (calvária) | seed_31:Granuloma eosinofílico craniano | seed_33:Plasmocitoma solitário ósseo | seed_34:Hemangioma craniano | seed_45:Metástase óssea vertebral | seed_49:Doença de Paget óssea (vertebral) | seed_50:Granuloma eosinofílico (histiocitose de células de Langerhans) | seed_51:Osteoma osteoide vertebral | seed_64:Cordoma sacral | seed_65:Tumor de células gigantes sacral | seed_67:Metástase sacral | seed_69:Osteoblastoma sacral | seed_100:Condrossarcoma de parede torácica | seed_104:Metástase de parede torácica | seed_281:Osteossarcoma | seed_282:Condrossarcoma | seed_283:Sarcoma de Ewing | seed_284:Encondroma | seed_285:Cisto ósseo simples | seed_286:Cisto ósseo aneurismático | seed_288:Fibroma não ossificante | seed_290:Tumor de células gigantes ósseo | seed_301:Artrite reumatoide | seed_471:Carcinoma de seio maxilar | seed_474:Otosclerose | seed_496:Cordoma do clivus | seed_559:Abscesso de Brodie | seed_565:Osteoblastoma | seed_566:Condroblastoma | seed_581:Metástases ósseas vertebrais | seed_600:Metástases ósseas | seed_601:Mieloma múltiplo | seed_1007:Cisto ósseo unicameral pediátrico | seed_1092:Fibroma condromixoide | seed_1093:Adamantinoma | seed_1094:Displasia osteofibrosa | seed_1137:Osteólise da clavícula distal | seed_1158:Osteomielite da mandíbula | seed_1203:Histiocitose de células de Langerhans (granuloma eosinofílico) | seed_1205:Cordoma | seed_1206:Tumor marrom do hiperparatireoidismo | seed_1214:Encondroma de mão (falange)",""
"esclerótica","28","MANTER","nenhuma","","Tag clara, consistente, sem indício de redundância ou ambiguidade identificado na varredura.","seed_32:Osteoma craniano | seed_49:Doença de Paget óssea (vertebral) | seed_51:Osteoma osteoide vertebral | seed_72:Nódulo de Schmorl | seed_288:Fibroma não ossificante | seed_300:Osteoartrose (osteoartrite) | seed_374:Doença de Legg-Calvé-Perthes | seed_505:Espondilite anquilosante | seed_561:Gota | seed_581:Metástases ósseas vertebrais | seed_600:Metástases ósseas | seed_601:Mieloma múltiplo | seed_846:Osteoma de seio paranasal | seed_970:Osteorradionecrose mandibular | seed_989:Tireoidite de Riedel | seed_997:Artrose facetária (espondilose) | seed_1022:Doença de Baastrup (kissing spines) | seed_1030:Fratura de insuficiência sacral | seed_1049:Osteomielite mandibular | seed_1060:Torus mandibular/palatino | seed_1095:Osteopetrose | seed_1103:Sacroileíte (espondiloartrite) | seed_1134:Síndrome do impacto subacromial | seed_1136:Artropatia do manguito rotador (cuff tear arthropathy) | seed_1171:Impacto femoroacetabular | seed_1190:Bursite retrocalcânea (deformidade de Haglund) | seed_1198:Sesamoidite do hálux | seed_1199:Doença de Kienböck (osteonecrose do semilunar)",""
"realce persistente/progressivo","1","REVISAR","avaliar_divisao","","Tag composta (""/"" ou ""ou""), uso único — possível excesso de granularidade (ver padrão G9/G13).","seed_35:Hemangioma cavernoso orbitário",""
"homogêneo","19","MANTER","nenhuma","","Tag clara, consistente, sem indício de redundância ou ambiguidade identificado na varredura.","seed_38:Linfoma orbitário | seed_129:Linfoma axilar | seed_182:Linfoma esplênico | seed_184:Esplenose (implante esplênico ectópico) | seed_189:Linfoma mesentérico | seed_195:Linfadenopatia retroperitoneal (linfoma) | seed_203:Hiperplasia endometrial | seed_226:Hiperplasia microglandular cervical | seed_291:Lipoma de partes moles | seed_381:Timo normal proeminente (pseudotumor tímico) | seed_446:Adenoma folicular da tireoide | seed_456:Linfoma cervical | seed_458:Doença de Castleman | seed_520:Adenopatia mediastinal por sarcoidose | seed_532:Esteatose hepática | seed_604:Seminoma testicular | seed_625:Linfoma do mediastino | seed_861:Linfoma gástrico (tipo MALT) | seed_1002:Carcinoma de orofaringe relacionado ao HPV",""
"lobulada","5","MANTER","nenhuma","","Tag clara, consistente, sem indício de redundância ou ambiguidade identificado na varredura.","seed_41:Papiloma de plexo coroide | seed_83:Carcinoma broncogênico | seed_121:Tumor filoide | seed_217:Disgerminoma | seed_615:Adenoma pleomórfico de parótida",""
"padrão em 'sal e pimenta'","1","MANTER","nenhuma","","Padrão/sinal nomeado ou descritor parentético específico — uso único é esperado para achados muito específicos (útil/específica).","seed_46:Hemangioma vertebral",""
"trabeculado","1","MANTER","nenhuma","","Descritor específico de uso único, sem indício de redundância com outra tag na varredura — classificado como útil/específica.","seed_46:Hemangioma vertebral",""
"hipossinal T1","5","MANTER","nenhuma","","Tag clara, consistente, sem indício de redundância ou ambiguidade identificado na varredura.","seed_47:Fratura por compressão osteoporótica | seed_302:Necrose avascular (osteonecrose) | seed_307:Neuroma de Morton | seed_487:Esclerose osmótica pontina | seed_1199:Doença de Kienböck (osteonecrose do semilunar)",""
"abscesso","1","MANTER","nenhuma","","Descritor específico de uso único, sem indício de redundância com outra tag na varredura — classificado como útil/específica.","seed_48:Espondilodiscite infecciosa",""
"cap hemorrágico","1","MANTER","nenhuma","","Descritor específico de uso único, sem indício de redundância com outra tag na varredura — classificado como útil/específica.","seed_52:Ependimoma medular",""
"excêntrica","7","MANTER","nenhuma","","Tag clara, consistente, sem indício de redundância ou ambiguidade identificado na varredura.","seed_53:Astrocitoma medular | seed_65:Tumor de células gigantes sacral | seed_290:Tumor de células gigantes ósseo | seed_1001:Carcinoma de mama masculino | seed_1092:Fibroma condromixoide | seed_1093:Adamantinoma | seed_1094:Displasia osteofibrosa",""
"compressão medular","4","MANTER","nenhuma","","Tag clara, consistente, sem indício de redundância ou ambiguidade identificado na varredura.","seed_59:Metástase epidural | seed_60:Hematoma epidural espinhal | seed_61:Lipomatose epidural | seed_70:Hérnia de disco intervertebral",""
"difuso","46","REVISAR","nenhuma_automatica","","Descritor amplo de uma única palavra; dado o modelo de tags como vocabulário facetado (combinável), pode ser um ""building block"" legítimo em vez de ruído — avaliação humana necessária caso a caso.","seed_61:Lipomatose epidural | seed_172:Pielonefrite / abscesso renal | seed_254:Prostatite | seed_259:Cistite | seed_322:Rabdomiólise | seed_337:Linfedema (primário ou secundário) | seed_387:Doença da membrana hialina (síndrome do desconforto respiratório neonatal) | seed_420:Embolia gordurosa pulmonar | seed_433:Hemorragia subaracnóidea aneurismática | seed_441:Elefantíase escrotal (linfedema crônico) | seed_447:Tireoidite de Hashimoto | seed_510:Edema pulmonar cardiogênico | seed_511:Síndrome do desconforto respiratório agudo (SDRA) | seed_514:Pneumonite por hipersensibilidade | seed_519:Enfisema pulmonar | seed_532:Esteatose hepática | seed_542:Retocolite ulcerativa | seed_612:Hipotensão intracraniana espontânea | seed_620:Pneumocistose pulmonar | seed_622:Hemorragia alveolar difusa | seed_861:Linfoma gástrico (tipo MALT) | seed_870:Doença celíaca | seed_896:Oligoidrâmnio | seed_897:Polidrâmnio | seed_915:Ruptura prematura de membranas (RPMO) | seed_919:Síndrome de transfusão feto-fetal (STFF) | seed_924:Síndrome anemia-policitemia gemelar (TAPS) | seed_935:Endometrite puerperal | seed_984:Fibrose sistêmica nefrogênica | seed_985:Nefropatia induzida por contraste | seed_986:Aspiração pulmonar relacionada à sedação | seed_988:Tireotoxicose induzida por contraste iodado | seed_990:Broncoespasmo induzido por contraste | seed_1000:Bronquiolite viral aguda | seed_1014:Displasia broncopulmonar | seed_1021:Hipertrofia do ligamento amarelo | seed_1054:Pseudoginecomastia (lipomastia) | seed_1067:Sialose (sialoadenose) | seed_1068:Síndrome da unha amarela | seed_1069:Taquipneia transitória do recém-nascido | seed_1077:Linfangioleiomiomatose (LAM) | seed_1095:Osteopetrose | seed_1106:Miosite inflamatória (dermatomiosite/polimiosite) | seed_1107:Síndrome compartimental crônica de esforço | seed_1119:Acondroplasia | seed_1126:Lisencefalia",""
"margens mal definidas","12","MANTER","nenhuma","","Tag clara, consistente, sem indício de redundância ou ambiguidade identificado na varredura.","seed_65:Tumor de células gigantes sacral | seed_134:Doença de Paget do mamilo | seed_135:Carcinoma inflamatório da mama | seed_144:Siliconoma (granuloma de silicone) | seed_190:Mesenterite esclerosante | seed_199:Adenomioma | seed_232:Endometriose vaginal | seed_239:Endometriose tubária | seed_262:Endometriose vesical | seed_290:Tumor de células gigantes ósseo | seed_497:Estenose degenerativa do canal vertebral | seed_509:Pneumonia em organização",""
"parede espessa","35","MANTER","nenhuma","","Tag clara, consistente, sem indício de redundância ou ambiguidade identificado na varredura.","seed_76:Abscesso paravertebral | seed_87:Abscesso pulmonar | seed_94:Mesotelioma pleural | seed_96:Empiema pleural | seed_99:Fibrotórax (espessamento pleural difuso pós-inflamatório) | seed_126:Abscesso mamário | seed_131:Abscesso axilar (hidradenite supurativa) | seed_149:Abscesso pós-operatório | seed_158:Abscesso hepático piogênico | seed_169:Cisto renal complexo (Bosniak III/IV) | seed_222:Abscesso tubo-ovariano | seed_236:Salpingite aguda | seed_256:Abscesso prostático | seed_258:Carcinoma urotelial de bexiga | seed_259:Cistite | seed_328:Aortite (Takayasu / células gigantes) | seed_335:Flebite superficial (tromboflebite) | seed_398:Colecistite aguda | seed_537:Adenomiomatose da vesícula biliar | seed_540:Adenocarcinoma gástrico | seed_541:Doença de Crohn | seed_542:Retocolite ulcerativa | seed_549:Piossalpinge | seed_596:Carcinoma endometrial | seed_861:Linfoma gástrico (tipo MALT) | seed_867:Linfoma de intestino delgado | seed_875:Carcinoma colorretal | seed_887:Vesícula em porcelana (colecistopatia crônica calcificada) | seed_888:Colecistite alitiásica | seed_960:Abscesso intra-abdominal pós-cirúrgico | seed_974:Cistite actínica | seed_1008:Complicação de prótese peniana | seed_1082:Metástase pulmonar cavitada | seed_1084:Fibrose cística (mucoviscidose) | seed_1133:Capsulite adesiva (ombro congelado)",""
"trauma/anticoagulação","4","REVISAR","nenhuma_automatica","","Agora convive com a tag genérica ""trauma"" em 2 das 4 lesões (seed_77, seed_317, seed_685) após a normalização anterior — grupo G10.","seed_77:Hematoma paravertebral | seed_317:Hematoma muscular intramuscular | seed_685:Hematoma da parede torácica | seed_691:Hematoma retroperitoneal",""
"efeito de massa possível","2","MANTER","nenhuma","","Tag clara, consistente, sem indício de redundância ou ambiguidade identificado na varredura.","seed_77:Hematoma paravertebral | seed_856:Infarto cerebelar",""
"espiculada","4","MANTER","nenhuma","","Tag clara, consistente, sem indício de redundância ou ambiguidade identificado na varredura.","seed_83:Carcinoma broncogênico | seed_527:Carcinoma tubular da mama | seed_584:Adenocarcinoma pulmonar | seed_589:Carcinoma ductal invasivo / NST",""
"estável","2","MANTER","nenhuma","","Tag clara, consistente, sem indício de redundância ou ambiguidade identificado na varredura.","seed_84:Granuloma (sequela infecciosa) | seed_118:Fibroadenoma",""
"calcificado","10","MANTER","nenhuma","","Tag clara, consistente, sem indício de redundância ou ambiguidade identificado na varredura.","seed_84:Granuloma (sequela infecciosa) | seed_98:Placas pleurais (relacionadas ao asbesto) | seed_358:Aneurisma de artéria esplênica | seed_636:Pericardite constritiva | seed_639:Condrossarcoma petroclival | seed_659:Calcificações cutâneas mamárias | seed_660:Calcificações secretórias mamárias | seed_663:Calcificações pleomórficas suspeitas | seed_677:Condrossarcoma sacral | seed_684:Necrose gordurosa pós-operatória",""
"nódulo bem delimitado","1","MANTER","nenhuma","","Descritor específico de uso único, sem indício de redundância com outra tag na varredura — classificado como útil/específica.","seed_84:Granuloma (sequela infecciosa)",""
"sequela granulomatosa","1","MANTER","nenhuma","","Descritor específico de uso único, sem indício de redundância com outra tag na varredura — classificado como útil/específica.","seed_84:Granuloma (sequela infecciosa)",""
"endobrônquico","1","MANTER","nenhuma","","Descritor específico de uso único, sem indício de redundância com outra tag na varredura — classificado como útil/específica.","seed_85:Tumor carcinoide pulmonar",""
"hematogênica","1","REVISAR","nenhuma_automatica","hematogênico","Possível apenas concordância de gênero com ""hematogênico"" (8 usos) — conceito de disseminação pela via sanguínea, NÃO é sinônimo de ""hemorrágico"" — grupo G4/G5.","seed_86:Metástase pulmonar (nódulo único)",""
"malignidade","36","MANTER","nenhuma","","Tag clara, consistente, sem indício de redundância ou ambiguidade identificado na varredura.","seed_86:Metástase pulmonar (nódulo único) | seed_100:Condrossarcoma de parede torácica | seed_104:Metástase de parede torácica | seed_143:Linfoma anaplásico de grandes células associado a implante (BIA-ALCL) | seed_192:Liposarcoma retroperitoneal | seed_218:Metástase ovariana (tumor de Krukenberg) | seed_229:Carcinoma vaginal | seed_282:Condrossarcoma | seed_644:Metástase da base do crânio | seed_655:Carcinoma nasofaríngeo | seed_683:Recidiva tumoral no leito cirúrgico mamário | seed_695:Carcinoma espinocelular do pênis | seed_696:Carcinoma medular da tireoide | seed_715:Metástase linfonodal cervical | seed_718:Carcinoma ductal da próstata | seed_722:Metástases hepáticas hipervasculares | seed_724:Carcinoma de células renais papilífero | seed_727:Metástase esplênica | seed_734:Câncer endometrial seroso | seed_739:Adenoma maligno do colo uterino | seed_740:Carcinoma de paratireoide | seed_750:Carcinoma primário da trompa de Falópio | seed_752:Condrossarcoma laríngeo | seed_765:Metástases pleurais | seed_767:Sarcoma retroperitoneal | seed_775:Adenocarcinoma de glândula salivar | seed_778:Carcinoma escamoso da bexiga | seed_792:Metástase peniana | seed_807:Metástase pancreática | seed_811:Metástase da região pineal | seed_815:Metástase hipofisária | seed_831:Carcinoma adenoide cístico de glândula salivar menor | seed_834:Carcinoma de células renais cromófobo | seed_843:Metástase cerebelar | seed_847:Linite plástica | seed_1082:Metástase pulmonar cavitada",""
"múltipla possível","3","MANTER","nenhuma","","Tag clara, consistente, sem indício de redundância ou ambiguidade identificado na varredura.","seed_86:Metástase pulmonar (nódulo único) | seed_722:Metástases hepáticas hipervasculares | seed_1082:Metástase pulmonar cavitada",""
"hematogênico","8","MANTER","nenhuma","","Disseminação pela via sanguínea — NÃO é sinônimo de ""hemorrágico"" apesar da raiz textual parecida (falso sinônimo descartado). Ver G4.","seed_86:Metástase pulmonar (nódulo único) | seed_104:Metástase de parede torácica | seed_644:Metástase da base do crânio | seed_722:Metástases hepáticas hipervasculares | seed_727:Metástase esplênica | seed_807:Metástase pancreática | seed_811:Metástase da região pineal | seed_815:Metástase hipofisária",""
"nódulos arredondados","1","MANTER","nenhuma","","Descritor específico de uso único, sem indício de redundância com outra tag na varredura — classificado como útil/específica.","seed_86:Metástase pulmonar (nódulo único)",""
"engloba vasos","8","MANTER","nenhuma","","Tag clara, consistente, sem indício de redundância ou ambiguidade identificado na varredura.","seed_89:Linfoma mediastinal | seed_189:Linfoma mesentérico | seed_193:Fibrose retroperitoneal | seed_195:Linfadenopatia retroperitoneal (linfoma) | seed_349:Malformação arteriovenosa cerebral | seed_352:Fístula arteriovenosa dural | seed_362:Neuroblastoma | seed_904:Acretismo placentário (placenta acreta/increta/percreta)",""
"heterogêneo","38","MANTER","nenhuma","","Tag clara, consistente, sem indício de redundância ou ambiguidade identificado na varredura.","seed_91:Bócio mergulhante | seed_141:Ruptura extracapsular de prótese mamária | seed_144:Siliconoma (granuloma de silicone) | seed_150:Hematoma pós-cirúrgico | seed_165:Pancreatite aguda | seed_172:Pielonefrite / abscesso renal | seed_190:Mesenterite esclerosante | seed_207:Piométrio | seed_218:Metástase ovariana (tumor de Krukenberg) | seed_221:Cisto hemorrágico ovariano | seed_247:Orquiepididimite aguda | seed_251:Hematocele | seed_254:Prostatite | seed_277:Epididimite crônica | seed_279:Tuberculose epididimária | seed_298:Hemangioma de partes moles | seed_317:Hematoma muscular intramuscular | seed_321:Contusão muscular | seed_367:Hepatoblastoma | seed_401:Hematoma esplênico traumático | seed_424:Doença inflamatória pélvica aguda | seed_425:Aborto retido/incompleto | seed_429:Mola hidatiforme | seed_444:Bócio multinodular | seed_447:Tireoidite de Hashimoto | seed_567:Tendinopatia do manguito rotador | seed_593:Carcinoma renal de células claras | seed_862:Bezoar gástrico | seed_898:Corioamnionite | seed_914:Degeneração rubra de leiomioma na gestação | seed_935:Endometrite puerperal | seed_937:Hematoma de parede abdominal pós-cesárea | seed_944:Hematoma pós-biópsia | seed_973:Doença hepática induzida por radiação (RILD) | seed_1013:Descolamento prematuro de placenta | seed_1014:Displasia broncopulmonar | seed_1037:Sarcoma de partes moles intramuscular | seed_1055:Hematoma mamário masculino pós-traumático",""
"espessamento nodular","22","MANTER","nenhuma","","Tag clara, consistente, sem indício de redundância ou ambiguidade identificado na varredura.","seed_94:Mesotelioma pleural | seed_95:Metástase pleural | seed_110:Amiloidose traqueobrônquica | seed_143:Linfoma anaplásico de grandes células associado a implante (BIA-ALCL) | seed_186:Carcinomatose peritoneal | seed_228:Condiloma cervical (HPV) | seed_463:Carcinoma de laringe (glótico) | seed_467:Sinusite aguda | seed_541:Doença de Crohn | seed_853:Carcinoma esofágico | seed_859:Úlcera péptica gástrica | seed_861:Linfoma gástrico (tipo MALT) | seed_875:Carcinoma colorretal | seed_881:Adenocarcinoma apendicular | seed_967:Pneumonite actínica | seed_971:Enterite actínica crônica | seed_984:Fibrose sistêmica nefrogênica | seed_986:Aspiração pulmonar relacionada à sedação | seed_993:Actinomicose tubo-ovariana | seed_1012:Derrame pleural maligno | seed_1041:Estenose hipertrófica do piloro | seed_1072:Trigonite (cistite crônica trigonal)",""
"circunferencial","2","MANTER","nenhuma","","Tag clara, consistente, sem indício de redundância ou ambiguidade identificado na varredura.","seed_94:Mesotelioma pleural | seed_327:Hematoma intramural aórtico",""
"derrame associado","29","MANTER","nenhuma","","Tag clara, consistente, sem indício de redundância ou ambiguidade identificado na varredura.","seed_94:Mesotelioma pleural | seed_95:Metástase pleural | seed_96:Empiema pleural | seed_143:Linfoma anaplásico de grandes células associado a implante (BIA-ALCL) | seed_186:Carcinomatose peritoneal | seed_339:Linfocele pós-operatória | seed_340:Quilotórax | seed_419:Hemotórax traumático | seed_423:Cisto ovariano roto | seed_424:Doença inflamatória pélvica aguda | seed_430:Síndrome de hiperestimulação ovariana | seed_510:Edema pulmonar cardiogênico | seed_521:Derrame pleural loculado | seed_560:Artrite séptica | seed_905:Hidropisia fetal (hidrópsia) | seed_912:Descolamento corioamniótico | seed_959:Deiscência de anastomose intestinal | seed_961:Fístula biliar pós-colecistectomia | seed_963:Fístula broncopleural pós-lobectomia | seed_980:Perfuração cardíaca por cateter/eletrodo | seed_1012:Derrame pleural maligno | seed_1065:Ruptura do fórnix calicial (urinoma) | seed_1068:Síndrome da unha amarela | seed_1135:Bursite subacromial-subdeltóidea | seed_1139:Artropatia por hidroxiapatita (ombro de Milwaukee) | seed_1145:Bursite do olécrano | seed_1154:Mediastinite necrosante descendente | seed_1172:Lesão labral acetabular | seed_1175:Derrame da bainha da longa porção do bíceps",""
"grande volume","5","MANTER","nenhuma","","Tag clara, consistente, sem indício de redundância ou ambiguidade identificado na varredura.","seed_97:Tumor fibroso solitário da pleura | seed_187:Pseudomixoma peritoneal | seed_192:Liposarcoma retroperitoneal | seed_213:Cistoadenoma mucinoso | seed_1102:Tumor lipomatoso atípico (lipossarcoma bem diferenciado)",""
"bilateral","43","REVISAR","nenhuma_automatica","","Descritor amplo de uma única palavra; dado o modelo de tags como vocabulário facetado (combinável), pode ser um ""building block"" legítimo em vez de ruído — avaliação humana necessária caso a caso.","seed_98:Placas pleurais (relacionadas ao asbesto) | seed_129:Linfoma axilar | seed_173:Linfoma renal | seed_178:Metástase adrenal | seed_179:Hemorragia adrenal (hematoma) | seed_210:Endometrioma | seed_218:Metástase ovariana (tumor de Krukenberg) | seed_243:Linfoma testicular | seed_245:Ectasia tubular da rede testis | seed_246:Microlitíase testicular | seed_278:Cistadenoma papilar do epidídimo | seed_301:Artrite reumatoide | seed_322:Rabdomiólise | seed_385:Leucomalácia periventricular | seed_430:Síndrome de hiperestimulação ovariana | seed_431:Encefalopatia hipóxico-isquêmica | seed_450:Tumor de Warthin | seed_453:Cisto linfoepitelial benigno (HIV) | seed_456:Linfoma cervical | seed_481:PRES (síndrome de encefalopatia posterior reversível) | seed_484:Doença de Creutzfeldt-Jakob | seed_487:Esclerose osmótica pontina | seed_505:Espondilite anquilosante | seed_510:Edema pulmonar cardiogênico | seed_511:Síndrome do desconforto respiratório agudo (SDRA) | seed_513:Pneumonia intersticial não específica (NSIP) | seed_515:Sarcoidose pulmonar | seed_520:Adenopatia mediastinal por sarcoidose | seed_545:Doença renal policística autossômica dominante | seed_587:Metástases pulmonares hematogênicas | seed_598:Carcinoma seroso de alto grau do ovário | seed_609:Doença de moyamoya | seed_620:Pneumocistose pulmonar | seed_622:Hemorragia alveolar difusa | seed_628:Proteínose alveolar pulmonar | seed_1030:Fratura de insuficiência sacral | seed_1032:Ginecomastia induzida por fármacos | seed_1058:Querubismo | seed_1077:Linfangioleiomiomatose (LAM) | seed_1103:Sacroileíte (espondiloartrite) | seed_1106:Miosite inflamatória (dermatomiosite/polimiosite) | seed_1191:Sinovite reumatoide (achado ao USG com Doppler) | seed_1223:Elastofibroma dorsi",""
"exposição ao asbesto","2","MANTER","nenhuma","","Tag clara, consistente, sem indício de redundância ou ambiguidade identificado na varredura.","seed_98:Placas pleurais (relacionadas ao asbesto) | seed_1075:Asbestose",""
"matriz condroide","11","MANTER","nenhuma","","Tag clara, consistente, sem indício de redundância ou ambiguidade identificado na varredura.","seed_100:Condrossarcoma de parede torácica | seed_281:Osteossarcoma | seed_282:Condrossarcoma | seed_284:Encondroma | seed_287:Osteocondroma | seed_376:Exostose hereditária múltipla | seed_466:Condrossarcoma da cartilagem cricoide | seed_566:Condroblastoma | seed_752:Condrossarcoma laríngeo | seed_1204:Encondromatose (doença de Ollier) | seed_1214:Encondroma de mão (falange)",""
"anéis e arcos","2","MANTER","nenhuma","","Tag clara, consistente, sem indício de redundância ou ambiguidade identificado na varredura.","seed_100:Condrossarcoma de parede torácica | seed_752:Condrossarcoma laríngeo",""
"bem delimitado","12","REVISAR","nenhuma_automatica","","Possível sinônimo de ""bem circunscrita"" — grupo G2.","seed_103:Lipoma de parede torácica | seed_180:Hemangioma esplênico | seed_181:Cisto esplênico (epidermoide/pseudocisto) | seed_270:Lipoma de cordão espermático | seed_637:Schwannoma retroperitoneal | seed_658:Schwannoma cervical | seed_670:Adenoma pleomórfico de glândula salivar | seed_703:Tumor adenomatoide do epidídimo | seed_741:Cisto de paratireoide | seed_755:Cisto de retenção nasofaríngeo | seed_802:Lipoma cervical profundo | seed_846:Osteoma de seio paranasal",""
"benigna","6","REVISAR","nenhuma_automatica","","Convive com ""benigno"" (adjetivo, outro gênero) e ""benignidade"" (substantivo) — pode haver distinção semântica real (classificação vs sinal) — grupo G5.","seed_103:Lipoma de parede torácica | seed_270:Lipoma de cordão espermático | seed_659:Calcificações cutâneas mamárias | seed_660:Calcificações secretórias mamárias | seed_680:Linfonodo intramamário/axilar ectópico benigno | seed_697:Displasia fibrosa craniofacial",""
"lítica ou esclerótica","2","REVISAR","nenhuma_automatica","","Padrão de tag composta ""A ou B"" — grupo G9.","seed_104:Metástase de parede torácica | seed_644:Metástase da base do crânio",""
"extensão para partes moles","1","MANTER","nenhuma","","Descritor específico de uso único, sem indício de redundância com outra tag na varredura — classificado como útil/específica.","seed_104:Metástase de parede torácica",""
"séssil","9","MANTER","nenhuma","","Tag clara, consistente, sem indício de redundância ou ambiguidade identificado na varredura.","seed_107:Papilomatose respiratória recorrente | seed_258:Carcinoma urotelial de bexiga | seed_462:Papiloma escamoso oral (HPV) | seed_465:Papilomatose laríngea recorrente | seed_863:Pólipo gástrico (fúndico/hiperplásico) | seed_873:Pólipo hiperplásico | seed_874:Pólipo adenomatoso colônico | seed_886:Pólipo de vesícula biliar | seed_1057:Pólipo de corda vocal",""
"atelectasia","2","MANTER","nenhuma","","Tag clara, consistente, sem indício de redundância ou ambiguidade identificado na varredura.","seed_108:Corpo estranho de via aérea | seed_998:Aspiração de corpo estranho pediátrico",""
"estenose focal","3","MANTER","nenhuma","","Tag clara, consistente, sem indício de redundância ou ambiguidade identificado na varredura.","seed_109:Estenose traqueal pós-intubação | seed_415:Estenose de artéria pulmonar periférica | seed_417:Compressão extrínseca de artéria pulmonar",""
"pós-intubação","1","MANTER","nenhuma","","Descritor específico de uso único, sem indício de redundância com outra tag na varredura — classificado como útil/específica.","seed_109:Estenose traqueal pós-intubação",""
"pedículo vascular","4","MANTER","nenhuma","","Tag clara, consistente, sem indício de redundância ou ambiguidade identificado na varredura.","seed_113:Mixoma atrial | seed_116:Fibroelastoma papilar (valvar) | seed_202:Pólipo endometrial | seed_224:Pólipo endocervical",""
"aumento de volume","41","MANTER","nenhuma","","Tag clara, consistente, sem indício de redundância ou ambiguidade identificado na varredura.","seed_114:Tamponamento cardíaco | seed_115:Trombo em átrio esquerdo | seed_219:Torção ovariana | seed_240:Torção isolada de trompa | seed_247:Orquiepididimite aguda | seed_248:Torção testicular | seed_267:Priapismo isquêmico | seed_269:Varicocele | seed_271:Hérnia inguinal indireta | seed_277:Epididimite crônica | seed_310:Neuropatia compressiva do nervo ulnar (túnel cubital) | seed_382:Atresia brônquica congênita | seed_393:Anomalia de Ebstein | seed_395:Apendicite aguda | seed_398:Colecistite aguda | seed_430:Síndrome de hiperestimulação ovariana | seed_451:Sialolitíase com sialoadenite | seed_461:Abscesso peritonsilar | seed_569:Síndrome do túnel do carpo | seed_882:Apendicite do coto (coto apendicular residual) | seed_883:Endometriose apendicular | seed_888:Colecistite alitiásica | seed_897:Polidrâmnio | seed_928:Válvula de uretra posterior | seed_932:Rim policístico infantil (autossômico recessivo) | seed_933:Megabexiga fetal | seed_965:Síndrome do compartimento abdominal pós-operatório | seed_1067:Sialose (sialoadenose) | seed_1071:Torção do apêndice testicular (hidátide de Morgagni) | seed_1155:Trombose do seio cavernoso | seed_1156:Epiglotite aguda | seed_1159:Sialoadenite bacteriana aguda (parotidite supurativa) | seed_1163:Linfadenite bacteriana supurativa cervical | seed_1174:Bursite pré-patelar | seed_1178:Bursite bicipitorradial | seed_1184:Bursite isquiática | seed_1186:Tendinopatia do iliopsoas / bursite do iliopsoas | seed_1190:Bursite retrocalcânea (deformidade de Haglund) | seed_1193:Bursite anserina (pata de ganso) | seed_1195:Doença de Osgood-Schlatter | seed_1197:Lesão da placa plantar (articulação metatarsofalângica)",""
"oval","6","MANTER","nenhuma","","Tag clara, consistente, sem indício de redundância ou ambiguidade identificado na varredura.","seed_118:Fibroadenoma | seed_125:Linfonodo intramamário | seed_127:Linfonodo axilar reativo | seed_454:Linfonodo cervical reacional/inflamatório | seed_714:Linfadenite cervical reacional | seed_994:Adenopatia inguinal reacional",""
"intraductal","1","MANTER","nenhuma","","Descritor específico de uso único, sem indício de redundância com outra tag na varredura — classificado como útil/específica.","seed_120:Papiloma intraductal",""
"segmentar","1","MANTER","nenhuma","","Descritor específico de uso único, sem indício de redundância com outra tag na varredura — classificado como útil/específica.","seed_124:Carcinoma ductal in situ (CDIS)",""
"infeccioso","23","MANTER","nenhuma","","Tag clara, consistente, sem indício de redundância ou ambiguidade identificado na varredura.","seed_131:Abscesso axilar (hidradenite supurativa) | seed_158:Abscesso hepático piogênico | seed_172:Pielonefrite / abscesso renal | seed_320:Miosite infecciosa (piomiosite) | seed_656:Abscesso parafaríngeo | seed_686:Infecção da parede torácica | seed_702:Epididimite aguda | seed_717:Colite infecciosa | seed_721:Abscesso de partes moles | seed_730:Osteomielite hematogênica | seed_757:Abscesso nasofaríngeo | seed_766:Abscesso subareolar | seed_771:Abscesso da parede torácica | seed_777:Cistite enfisematosa | seed_789:Ventriculite | seed_790:Abscesso peniano | seed_801:Abscesso do espaço carotídeo | seed_808:Abscesso epididimário | seed_818:Mastoidite coalescente | seed_825:Abscesso testicular | seed_833:Angina de Ludwig | seed_857:Abscesso cerebelar | seed_1163:Linfadenite bacteriana supurativa cervical",""
"coleção","18","MANTER","nenhuma","","Tag clara, consistente, sem indício de redundância ou ambiguidade identificado na varredura.","seed_131:Abscesso axilar (hidradenite supurativa) | seed_145:Seroma pós-cirúrgico | seed_158:Abscesso hepático piogênico | seed_172:Pielonefrite / abscesso renal | seed_583:Espondilodiscite tuberculosa | seed_612:Hipotensão intracraniana espontânea | seed_656:Abscesso parafaríngeo | seed_681:Seroma axilar pós-esvaziamento | seed_721:Abscesso de partes moles | seed_757:Abscesso nasofaríngeo | seed_766:Abscesso subareolar | seed_769:Linfocele retroperitoneal | seed_771:Abscesso da parede torácica | seed_790:Abscesso peniano | seed_801:Abscesso do espaço carotídeo | seed_808:Abscesso epididimário | seed_825:Abscesso testicular | seed_857:Abscesso cerebelar",""
"realce periférico","18","MANTER","nenhuma","","Conceitos relacionados mas distintos (padrão anelar completo vs periférico em geral) — distinção clinicamente intencional, exemplo citado pelo usuário avaliado e descartado como redundância — grupo G7.","seed_131:Abscesso axilar (hidradenite supurativa) | seed_158:Abscesso hepático piogênico | seed_172:Pielonefrite / abscesso renal | seed_180:Hemangioma esplênico | seed_576:Empiema subdural intracraniano | seed_583:Espondilodiscite tuberculosa | seed_590:Metástases hepáticas | seed_656:Abscesso parafaríngeo | seed_721:Abscesso de partes moles | seed_757:Abscesso nasofaríngeo | seed_766:Abscesso subareolar | seed_771:Abscesso da parede torácica | seed_790:Abscesso peniano | seed_801:Abscesso do espaço carotídeo | seed_808:Abscesso epididimário | seed_822:Hemangioendotelioma epitelioide hepático | seed_825:Abscesso testicular | seed_857:Abscesso cerebelar",""
"dilatação focal","89","MANTER","nenhuma","","Tag clara, consistente, sem indício de redundância ou ambiguidade identificado na varredura.","seed_133:Ectasia ductal (dilatação ductal secretora) | seed_235:Hidrossalpinge | seed_266:Trombose da veia dorsal do pênis (doença de Mondor peniana) | seed_269:Varicocele | seed_323:Aneurisma de aorta abdominal | seed_329:Aneurisma de aorta torácica | seed_330:Trombose venosa profunda | seed_332:Síndrome de May-Thurner | seed_333:Insuficiência venosa crônica (refluxo safeno) | seed_334:Trombose de veia porta | seed_335:Flebite superficial (tromboflebite) | seed_336:Compressão de veia cava inferior | seed_342:Aneurisma de artéria poplítea | seed_348:Síndrome do aprisionamento da artéria poplítea | seed_352:Fístula arteriovenosa dural | seed_353:Dissecção de artéria vertebral | seed_358:Aneurisma de artéria esplênica | seed_359:Aneurisma de artéria hepática | seed_386:Persistência do canal arterial | seed_389:Comunicação interventricular (CIV) | seed_390:Coarctação da aorta | seed_392:Transposição das grandes artérias | seed_394:Estenose pulmonar valvar | seed_399:Obstrução intestinal mecânica | seed_403:Pneumotórax hipertensivo | seed_410:Hérnia de Morgagni | seed_412:Tromboembolismo pulmonar agudo | seed_413:Eventração diafragmática | seed_414:Paralisia do nervo frênico | seed_434:Cólica renal obstrutiva (hidronefrose aguda) | seed_436:Pionefrose | seed_440:Hérnia inguinoescrotal | seed_443:Hérnia perineal | seed_488:Hidrocefalia de pressão normal | seed_518:Bronquiectasias | seed_536:Colangite aguda | seed_539:Colangiocarcinoma hilar (tumor de Klatskin) | seed_543:Pancreatite crônica | seed_571:Síndrome do quebra-nozes (Nutcracker) | seed_574:Aneurisma de artéria renal | seed_575:Fístula arteriovenosa adquirida | seed_577:Aneurisma intracraniano sacular | seed_613:Varizes orbitárias | seed_645:Meningoencefalocele da base do crânio | seed_851:Hérnia hiatal | seed_854:Acalasia | seed_855:Varizes esofágicas | seed_864:Volvo gástrico | seed_865:Intussuscepção | seed_867:Linfoma de intestino delgado | seed_868:Íleo biliar | seed_869:Adenocarcinoma de intestino delgado | seed_870:Doença celíaca | seed_880:Mucocele apendicular | seed_889:Síndrome de Mirizzi | seed_894:Vasa prévia | seed_906:Ventriculomegalia fetal | seed_911:Insuficiência istmocervical | seed_913:Prolapso de membranas amnióticas | seed_917:Encurtamento cervical assintomático | seed_920:Gemelaridade monoamniótica | seed_923:Agenesia do corpo caloso | seed_926:Gestação heterotópica | seed_927:Hidronefrose fetal | seed_928:Válvula de uretra posterior | seed_930:Duplicação do sistema coletor fetal | seed_933:Megabexiga fetal | seed_934:Ureterocele fetal | seed_939:Nicho de cicatriz de cesárea (istmocele) | seed_940:Hemorragia pós-parto por atonia uterina | seed_941:Pseudoaneurisma uterino pós-parto | seed_946:Drenagem percutânea malposicionada | seed_949:Fístula pós-biópsia hepática | seed_952:Migração de stent/dispositivo endovascular | seed_954:Pseudoaneurisma de sítio de punção arterial | seed_962:Hérnia incisional | seed_964:Íleo pós-operatório prolongado | seed_966:Estenose de anastomose esofagogástrica | seed_1009:Comunicação interatrial (CIA) | seed_1011:Cálculo ureteral impactado | seed_1024:Estenose cervical iatrogênica (pós-conização) | seed_1065:Ruptura do fórnix calicial (urinoma) | seed_1084:Fibrose cística (mucoviscidose) | seed_1090:Ruptura diafragmática crônica (hérnia tardia) | seed_1109:Atresia esofágica com fístula traqueoesofágica | seed_1110:Atresia duodenal | seed_1112:Doença de Hirschsprung | seed_1117:Refluxo vesicoureteral | seed_1118:Estenose de junção ureteropélvica",""
"espessamento difuso","3","MANTER","nenhuma","","Tag clara, consistente, sem indício de redundância ou ambiguidade identificado na varredura.","seed_135:Carcinoma inflamatório da mama | seed_203:Hiperplasia endometrial | seed_847:Linite plástica",""
"implante mamário","1","MANTER","nenhuma","","Descritor específico de uso único, sem indício de redundância com outra tag na varredura — classificado como útil/específica.","seed_143:Linfoma anaplásico de grandes células associado a implante (BIA-ALCL)",""
"coleção periprotética tardia","1","MANTER","nenhuma","","Descritor específico de uso único, sem indício de redundância com outra tag na varredura — classificado como útil/específica.","seed_143:Linfoma anaplásico de grandes células associado a implante (BIA-ALCL)",""
"pós-operatório","6","MANTER","nenhuma","","Tag clara, consistente, sem indício de redundância ou ambiguidade identificado na varredura.","seed_145:Seroma pós-cirúrgico | seed_681:Seroma axilar pós-esvaziamento | seed_682:Hematoma pós-operatório mamário | seed_684:Necrose gordurosa pós-operatória | seed_746:Fístula linfática pós-operatória | seed_769:Linfocele retroperitoneal",""
"líquida","4","MANTER","nenhuma","","Tag clara, consistente, sem indício de redundância ou ambiguidade identificado na varredura.","seed_145:Seroma pós-cirúrgico | seed_681:Seroma axilar pós-esvaziamento | seed_705:Derrame pleural simples | seed_769:Linfocele retroperitoneal",""
"realce nodular periférico","2","MANTER","nenhuma","","Tag clara, consistente, sem indício de redundância ou ambiguidade identificado na varredura.","seed_151:Hemangioma hepático | seed_489:Hemangioblastoma cerebelar",""
"preenchimento centrípeto","2","MANTER","nenhuma","","Tag clara, consistente, sem indício de redundância ou ambiguidade identificado na varredura.","seed_151:Hemangioma hepático | seed_180:Hemangioma esplênico",""
"cicatriz central","3","MANTER","nenhuma","","Tag clara, consistente, sem indício de redundância ou ambiguidade identificado na varredura.","seed_152:Hiperplasia nodular focal | seed_161:Cistoadenoma seroso | seed_170:Oncocitoma renal",""
"washout","6","MANTER","nenhuma","","Tag clara, consistente, sem indício de redundância ou ambiguidade identificado na varredura.","seed_154:Carcinoma hepatocelular | seed_157:Colangiocarcinoma intra-hepático | seed_174:Adenoma adrenal (rico em lipídios) | seed_178:Metástase adrenal | seed_495:Adenoma de paratireoide | seed_546:Adenoma adrenal pobre em lipídios",""
"cápsula","1","MANTER","nenhuma","","Descritor específico de uso único, sem indício de redundância com outra tag na varredura — classificado como útil/específica.","seed_154:Carcinoma hepatocelular",""
"hipovascular","11","MANTER","nenhuma","","Tag clara, consistente, sem indício de redundância ou ambiguidade identificado na varredura.","seed_155:Metástase hepática | seed_171:Carcinoma urotelial de pelve renal | seed_173:Linfoma renal | seed_182:Linfoma esplênico | seed_249:Tumor de células de Sertoli | seed_539:Colangiocarcinoma hilar (tumor de Klatskin) | seed_554:Infarto testicular segmentar | seed_591:Adenocarcinoma ductal pancreático | seed_606:Subependimoma | seed_703:Tumor adenomatoide do epidídimo | seed_724:Carcinoma de células renais papilífero",""
"restrição de difusão","9","MANTER","nenhuma","","Tag clara, consistente, sem indício de redundância ou ambiguidade identificado na varredura.","seed_158:Abscesso hepático piogênico | seed_172:Pielonefrite / abscesso renal | seed_647:Infarto de tronco encefálico | seed_718:Carcinoma ductal da próstata | seed_721:Abscesso de partes moles | seed_734:Câncer endometrial seroso | seed_789:Ventriculite | seed_856:Infarto cerebelar | seed_857:Abscesso cerebelar",""
"dilatação ductal","1","MANTER","nenhuma","","Descritor específico de uso único, sem indício de redundância com outra tag na varredura — classificado como útil/específica.","seed_160:IPMN (neoplasia mucinosa papilar intraductal)",""
"parede fina","4","MANTER","nenhuma","","Tag clara, consistente, sem indício de redundância ou ambiguidade identificado na varredura.","seed_163:Pseudocisto pancreático | seed_168:Cisto renal simples (Bosniak I) | seed_181:Cisto esplênico (epidermoide/pseudocisto) | seed_212:Cistoadenoma seroso",""
"densificação da gordura","11","MANTER","nenhuma","","Tag clara, consistente, sem indício de redundância ou ambiguidade identificado na varredura.","seed_165:Pancreatite aguda | seed_190:Mesenterite esclerosante | seed_395:Apendicite aguda | seed_396:Diverticulite aguda | seed_400:Torção de apêndice epiploico | seed_579:Celulite orbitária | seed_866:Tumor carcinoide de intestino delgado | seed_977:Extravasamento de contraste iodado no sítio de injeção | seed_1039:Lesão traumática de alça intestinal/mesentério | seed_1052:Perfuração esofágica (síndrome de Boerhaave) | seed_1154:Mediastinite necrosante descendente",""
"inflamatório","6","MANTER","nenhuma","","Tag clara, consistente, sem indício de redundância ou ambiguidade identificado na varredura.","seed_165:Pancreatite aguda | seed_556:Vesiculite seminal | seed_712:Pericardite aguda | seed_728:Gastrite | seed_743:Paratireoidite | seed_828:Hipofisite granulomatosa",""
"realce preservado","1","MANTER","nenhuma","","Descritor específico de uso único, sem indício de redundância com outra tag na varredura — classificado como útil/específica.","seed_165:Pancreatite aguda",""
"densificação peripancreática","1","MANTER","nenhuma","","Descritor específico de uso único, sem indício de redundância com outra tag na varredura — classificado como útil/específica.","seed_165:Pancreatite aguda",""
"washout rápido","1","MANTER","nenhuma","","Descritor específico de uso único, sem indício de redundância com outra tag na varredura — classificado como útil/específica.","seed_174:Adenoma adrenal (rico em lipídios)",""
"hiperdensidade espontânea","12","MANTER","nenhuma","","Tag clara, consistente, sem indício de redundância ou ambiguidade identificado na varredura.","seed_179:Hemorragia adrenal (hematoma) | seed_196:Hemorragia retroperitoneal espontânea | seed_327:Hematoma intramural aórtico | seed_350:Trombose de seio venoso cerebral | seed_384:Hemorragia intraventricular do prematuro | seed_388:Hemorragia adrenal neonatal | seed_419:Hemotórax traumático | seed_421:Ruptura de aneurisma de aorta abdominal | seed_432:Hemorragia intracraniana espontânea (hipertensiva) | seed_433:Hemorragia subaracnóidea aneurismática | seed_470:Micetoma sinusal (bola fúngica) | seed_951:Extravasamento de cimento em vertebroplastia/cifoplastia",""
"hiperdenso na fase aguda","3","MANTER","nenhuma","","Tag clara, consistente, sem indício de redundância ou ambiguidade identificado na varredura.","seed_179:Hemorragia adrenal (hematoma) | seed_691:Hematoma retroperitoneal | seed_701:Hemorragia intraventricular",""
"unilateral ou bilateral","4","REVISAR","nenhuma_automatica","","Tag composta de baixo valor discriminativo (não define lateralidade) — grupo G9.","seed_179:Hemorragia adrenal (hematoma) | seed_638:Neurite óptica | seed_668:Agenesia de vesícula seminal | seed_678:Linfadenopatia axilar reacional",""
"vascular","20","REVISAR","nenhuma_automatica","","Descritor amplo de uma única palavra; dado o modelo de tags como vocabulário facetado (combinável), pode ser um ""building block"" legítimo em vez de ruído — avaliação humana necessária caso a caso.","seed_183:Infarto esplênico | seed_267:Priapismo isquêmico | seed_334:Trombose de veia porta | seed_359:Aneurisma de artéria hepática | seed_360:Trombose de artéria mesentérica superior | seed_574:Aneurisma de artéria renal | seed_647:Infarto de tronco encefálico | seed_725:Infarto renal | seed_758:Dissecção de artéria carótida interna cervical | seed_794:Isquemia do quiasma óptico | seed_795:Dissecção espontânea da artéria celíaca | seed_796:Pseudoaneurisma de artéria esplênica | seed_817:Aneurisma parasselar | seed_823:Peliose hepática | seed_824:Trombose da veia porta intra-hepática | seed_826:Trombose da veia renal | seed_839:Trombose de veia mesentérica superior | seed_848:Dissecção de artéria periférica | seed_850:Trombose arterial aguda de membro | seed_856:Infarto cerebelar",""
"hipodenso","1","MANTER","nenhuma","","Descritor específico de uso único, sem indício de redundância com outra tag na varredura — classificado como útil/específica.","seed_183:Infarto esplênico",""
"em cunha","1","MANTER","nenhuma","","Descritor específico de uso único, sem indício de redundância com outra tag na varredura — classificado como útil/específica.","seed_183:Infarto esplênico",""
"hiporrealce","1","MANTER","nenhuma","","Descritor específico de uso único, sem indício de redundância com outra tag na varredura — classificado como útil/específica.","seed_183:Infarto esplênico",""
"volumosa","2","MANTER","nenhuma","","Tag clara, consistente, sem indício de redundância ou ambiguidade identificado na varredura.","seed_192:Liposarcoma retroperitoneal | seed_737:Cistadenoma mucinoso ovariano",""
"septos espessos/nódulos","2","EDITAR","dividir_em_atomicas","septos espessos + (tag de nódulos)","Composto divisível em tags atômicas já existentes — grupo G13.","seed_192:Liposarcoma retroperitoneal | seed_694:Tumor lipomatoso atípico do cordão espermático",""
"tumor neuroendócrino","1","MANTER","nenhuma","","Descritor específico de uso único, sem indício de redundância com outra tag na varredura — classificado como útil/específica.","seed_194:Paraganglioma retroperitoneal (extra-adrenal)",""
"necrose possível","4","MANTER","nenhuma","","Tag clara, consistente, sem indício de redundância ou ambiguidade identificado na varredura.","seed_194:Paraganglioma retroperitoneal (extra-adrenal) | seed_715:Metástase linfonodal cervical | seed_767:Sarcoma retroperitoneal | seed_860:GIST gástrico (tumor estromal)",""
"espessamento juncional","2","MANTER","nenhuma","","Tag clara, consistente, sem indício de redundância ou ambiguidade identificado na varredura.","seed_198:Adenomiose | seed_199:Adenomioma",""
"intracavitário","2","MANTER","nenhuma","","Tag clara, consistente, sem indício de redundância ou ambiguidade identificado na varredura.","seed_202:Pólipo endometrial | seed_224:Pólipo endocervical",""
"cavidade distendida","2","MANTER","nenhuma","","Tag clara, consistente, sem indício de redundância ou ambiguidade identificado na varredura.","seed_205:Hematométrio | seed_207:Piométrio",""
"shading T2","1","MANTER","nenhuma","","Descritor específico de uso único, sem indício de redundância com outra tag na varredura — classificado como útil/específica.","seed_210:Endometrioma",""
"padrão esponjoso","1","MANTER","nenhuma","","Padrão/sinal nomeado ou descritor parentético específico — uso único é esperado para achados muito específicos (útil/específica).","seed_216:Tumor de células da granulosa",""
"septos vascularizados","1","MANTER","nenhuma","","Descritor específico de uso único, sem indício de redundância com outra tag na varredura — classificado como útil/específica.","seed_217:Disgerminoma",""
"idade jovem","2","MANTER","nenhuma","","Tag clara, consistente, sem indício de redundância ou ambiguidade identificado na varredura.","seed_217:Disgerminoma | seed_1077:Linfangioleiomiomatose (LAM)",""
"bilateral possível","1","MANTER","nenhuma","","Descritor específico de uso único, sem indício de redundância com outra tag na varredura — classificado como útil/específica.","seed_218:Metástase ovariana (tumor de Krukenberg)",""
"sólido-cística","1","REVISAR","nenhuma_automatica","sólido-cístico","Possível apenas concordância de gênero com ""sólido-cístico"" (23 usos) — grupo G5.","seed_218:Metástase ovariana (tumor de Krukenberg)",""
"associada a torção","3","MANTER","nenhuma","","Tag clara, consistente, sem indício de redundância ou ambiguidade identificado na varredura.","seed_219:Torção ovariana | seed_240:Torção isolada de trompa | seed_248:Torção testicular",""
"exofítica","6","MANTER","nenhuma","","Tag clara, consistente, sem indício de redundância ou ambiguidade identificado na varredura.","seed_228:Condiloma cervical (HPV) | seed_287:Osteocondroma | seed_376:Exostose hereditária múltipla | seed_462:Papiloma escamoso oral (HPV) | seed_860:GIST gástrico (tumor estromal) | seed_1190:Bursite retrocalcânea (deformidade de Haglund)",""
"realce","29","REVISAR","nenhuma_automatica","","Tag genérica convivendo com 20 variantes qualificadas (heterogêneo/homogêneo/anel/periférico etc.) — grupo G6.","seed_229:Carcinoma vaginal | seed_320:Miosite infecciosa (piomiosite) | seed_525:Doença de Paget da mama | seed_556:Vesiculite seminal | seed_638:Neurite óptica | seed_644:Metástase da base do crânio | seed_655:Carcinoma nasofaríngeo | seed_686:Infecção da parede torácica | seed_695:Carcinoma espinocelular do pênis | seed_703:Tumor adenomatoide do epidídimo | seed_730:Osteomielite hematogênica | seed_733:Endometrite | seed_735:Retenção de produtos da concepção | seed_738:Cervicite | seed_740:Carcinoma de paratireoide | seed_743:Paratireoidite | seed_748:Leiomioma vaginal | seed_750:Carcinoma primário da trompa de Falópio | seed_763:Tumor epidural primário | seed_775:Adenocarcinoma de glândula salivar | seed_787:Inflamação do quiasma óptico | seed_792:Metástase peniana | seed_798:Tumor do parênquima pineal de diferenciação intermediária | seed_803:Schwannoma do espaço carotídeo | seed_811:Metástase da região pineal | seed_815:Metástase hipofisária | seed_828:Hipofisite granulomatosa | seed_831:Carcinoma adenoide cístico de glândula salivar menor | seed_843:Metástase cerebelar",""
"emergência","74","MANTER","nenhuma","","Tag clara, consistente, sem indício de redundância ou ambiguidade identificado na varredura.","seed_240:Torção isolada de trompa | seed_254:Prostatite | seed_265:Fratura peniana (ruptura da túnica albugínea) | seed_350:Trombose de seio venoso cerebral | seed_356:Dissecção espontânea de artéria mesentérica superior | seed_395:Apendicite aguda | seed_396:Diverticulite aguda | seed_397:Isquemia mesentérica aguda | seed_398:Colecistite aguda | seed_399:Obstrução intestinal mecânica | seed_400:Torção de apêndice epiploico | seed_401:Hematoma esplênico traumático | seed_402:Laceração hepática traumática | seed_403:Pneumotórax hipertensivo | seed_404:Fratura de bacia com sangramento ativo | seed_405:Ruptura de bexiga traumática | seed_406:Lesão diafragmática traumática | seed_412:Tromboembolismo pulmonar agudo | seed_418:Ruptura traumática da aorta | seed_419:Hemotórax traumático | seed_420:Embolia gordurosa pulmonar | seed_421:Ruptura de aneurisma de aorta abdominal | seed_422:Gravidez ectópica | seed_423:Cisto ovariano roto | seed_424:Doença inflamatória pélvica aguda | seed_425:Aborto retido/incompleto | seed_428:AVC isquêmico agudo | seed_429:Mola hidatiforme | seed_430:Síndrome de hiperestimulação ovariana | seed_431:Encefalopatia hipóxico-isquêmica | seed_432:Hemorragia intracraniana espontânea (hipertensiva) | seed_433:Hemorragia subaracnóidea aneurismática | seed_434:Cólica renal obstrutiva (hidronefrose aguda) | seed_435:Herniação cerebral (transtentorial/subfalcina) | seed_436:Pionefrose | seed_437:Pielonefrite enfisematosa | seed_438:Trauma renal com laceração | seed_439:Gangrena de Fournier | seed_481:PRES (síndrome de encefalopatia posterior reversível) | seed_492:Abscesso retrofaríngeo | seed_503:Infarto medular | seed_506:Metástase epidural com compressão medular | seed_511:Síndrome do desconforto respiratório agudo (SDRA) | seed_536:Colangite aguda | seed_554:Infarto testicular segmentar | seed_558:Priapismo de alto fluxo | seed_560:Artrite séptica | seed_576:Empiema subdural intracraniano | seed_578:Sinusite fúngica invasiva | seed_579:Celulite orbitária | seed_608:Síndrome de vasoconstrição cerebral reversível | seed_629:Pielonefrite aguda | seed_631:Gestação ectópica tubária | seed_647:Infarto de tronco encefálico | seed_672:Fratura do osso temporal | seed_691:Hematoma retroperitoneal | seed_701:Hemorragia intraventricular | seed_729:Úlcera gástrica perfurada | seed_758:Dissecção de artéria carótida interna cervical | seed_1011:Cálculo ureteral impactado | seed_1013:Descolamento prematuro de placenta | seed_1023:Estado de mal epiléptico (alterações pós-ictais) | seed_1039:Lesão traumática de alça intestinal/mesentério | seed_1052:Perfuração esofágica (síndrome de Boerhaave) | seed_1064:Rotura uterina | seed_1065:Ruptura do fórnix calicial (urinoma) | seed_1073:Úlcera péptica perfurada | seed_1111:Malrotação intestinal com volvo | seed_1152:Síndrome de Lemierre | seed_1153:Fascite necrosante cervical | seed_1154:Mediastinite necrosante descendente | seed_1155:Trombose do seio cavernoso | seed_1156:Epiglotite aguda | seed_1159:Sialoadenite bacteriana aguda (parotidite supurativa)",""
"torção","1","REVISAR","nenhuma_automatica","","Tag curta de uso único — avaliar se é específica o suficiente ou excesso de granularidade.","seed_240:Torção isolada de trompa",""
"estrutura tubular dilatada","1","MANTER","nenhuma","","Descritor específico de uso único, sem indício de redundância com outra tag na varredura — classificado como útil/específica.","seed_240:Torção isolada de trompa",""
"edema mesossalpíngeo","1","MANTER","nenhuma","","Descritor específico de uso único, sem indício de redundância com outra tag na varredura — classificado como útil/específica.","seed_240:Torção isolada de trompa",""
"padrão em 'casca de cebola'","1","MANTER","nenhuma","","Padrão/sinal nomeado ou descritor parentético específico — uso único é esperado para achados muito específicos (útil/específica).","seed_244:Cisto epidermoide testicular",""
"múltiplos focos ecogênicos","1","MANTER","nenhuma","","Descritor específico de uso único, sem indício de redundância com outra tag na varredura — classificado como útil/específica.","seed_246:Microlitíase testicular",""
"septos internos","2","MANTER","nenhuma","","Tag clara, consistente, sem indício de redundância ou ambiguidade identificado na varredura.","seed_251:Hematocele | seed_276:Espermatocele",""
"nodular","4","MANTER","nenhuma","","Tag clara, consistente, sem indício de redundância ou ambiguidade identificado na varredura.","seed_252:Hiperplasia prostática benigna | seed_587:Metástases pulmonares hematogênicas | seed_624:Linfangite carcinomatosa pulmonar | seed_765:Metástases pleurais",""
"hipersinal em T2 heterogêneo","1","MANTER","nenhuma","","Descritor específico de uso único, sem indício de redundância com outra tag na varredura — classificado como útil/específica.","seed_254:Prostatite",""
"papilar","2","MANTER","nenhuma","","Tag clara, consistente, sem indício de redundância ou ambiguidade identificado na varredura.","seed_258:Carcinoma urotelial de bexiga | seed_598:Carcinoma seroso de alto grau do ovário",""
"realce precoce","1","MANTER","nenhuma","","Descritor específico de uso único, sem indício de redundância com outra tag na varredura — classificado como útil/específica.","seed_258:Carcinoma urotelial de bexiga",""
"infeccioso/inflamatório","4","EDITAR","padronizar_ordem","infeccioso/inflamatório","Forma canônica escolhida (ordem já majoritária seria ""inflamatório/infeccioso"" com 5 usos vs 4; decisão de qual mantém como canônica é do humano) — grupo G1.","seed_259:Cistite | seed_709:Orquite | seed_733:Endometrite | seed_756:Adenoidite",""
"espessamento parietal difuso","1","MANTER","nenhuma","","Descritor específico de uso único, sem indício de redundância com outra tag na varredura — classificado como útil/específica.","seed_259:Cistite",""
"realce mucoso","1","REVISAR","nenhuma_automatica","","Ver ""hiperrealce mucoso"" — grupo G6.","seed_259:Cistite",""
"fibrose","6","MANTER","nenhuma","","Tag clara, consistente, sem indício de redundância ou ambiguidade identificado na varredura.","seed_264:Doença de Peyronie (placa fibrosa peniana) | seed_512:Fibrose pulmonar idiopática / padrão UIP | seed_513:Pneumonia intersticial não específica (NSIP) | seed_515:Sarcoidose pulmonar | seed_1074:Silicose | seed_1075:Asbestose",""
"placa","2","MANTER","nenhuma","","Tag clara, consistente, sem indício de redundância ou ambiguidade identificado na varredura.","seed_264:Doença de Peyronie (placa fibrosa peniana) | seed_760:Aterosclerose carotídea extracraniana",""
"calcificação possível","6","MANTER","nenhuma","","Tag clara, consistente, sem indício de redundância ou ambiguidade identificado na varredura.","seed_264:Doença de Peyronie (placa fibrosa peniana) | seed_574:Aneurisma de artéria renal | seed_696:Carcinoma medular da tireoide | seed_760:Aterosclerose carotídea extracraniana | seed_778:Carcinoma escamoso da bexiga | seed_810:Meningioma da região pineal",""
"descontinuidade da túnica albugínea","1","MANTER","nenhuma","","Descritor específico de uso único, sem indício de redundância com outra tag na varredura — classificado como útil/específica.","seed_265:Fratura peniana (ruptura da túnica albugínea)",""
"hematoma","1","MANTER","nenhuma","","Descritor específico de uso único, sem indício de redundância com outra tag na varredura — classificado como útil/específica.","seed_265:Fratura peniana (ruptura da túnica albugínea)",""
"falha de enchimento","14","MANTER","nenhuma","","Tag clara, consistente, sem indício de redundância ou ambiguidade identificado na varredura.","seed_266:Trombose da veia dorsal do pênis (doença de Mondor peniana) | seed_330:Trombose venosa profunda | seed_334:Trombose de veia porta | seed_335:Flebite superficial (tromboflebite) | seed_344:Embolia arterial aguda | seed_346:Doença de Buerger (tromboangeíte obliterante) | seed_350:Trombose de seio venoso cerebral | seed_360:Trombose de artéria mesentérica superior | seed_412:Tromboembolismo pulmonar agudo | seed_938:Tromboflebite pélvica séptica puerperal | seed_956:Trombose de acesso vascular para hemodiálise | seed_1038:Isquemia arterial crônica de membro (doença arterial obstrutiva periférica avançada) | seed_1152:Síndrome de Lemierre | seed_1155:Trombose do seio cavernoso",""
"reação periosteal agressiva","2","MANTER","nenhuma","","Tag clara, consistente, sem indício de redundância ou ambiguidade identificado na varredura.","seed_281:Osteossarcoma | seed_283:Sarcoma de Ewing",""
"partes moles associada","1","MANTER","nenhuma","","Descritor específico de uso único, sem indício de redundância com outra tag na varredura — classificado como útil/específica.","seed_283:Sarcoma de Ewing",""
"níveis líquido-líquido","5","MANTER","nenhuma","","Tag clara, consistente, sem indício de redundância ou ambiguidade identificado na varredura.","seed_286:Cisto ósseo aneurismático | seed_294:Sarcoma sinovial | seed_467:Sinusite aguda | seed_762:Cisto ósseo aneurismático sacral | seed_1224:Hematoma organizado de partes moles",""
"septos espessos","3","MANTER","nenhuma","","Tag clara, consistente, sem indício de redundância ou ambiguidade identificado na varredura.","seed_292:Liposarcoma | seed_719:Tumor lipomatoso atípico de partes moles | seed_1102:Tumor lipomatoso atípico (lipossarcoma bem diferenciado)",""
"sinal do alvo","5","MANTER","nenhuma","","Tag clara, consistente, sem indício de redundância ou ambiguidade identificado na varredura.","seed_297:Neurofibroma | seed_306:Schwannoma de nervo periférico | seed_865:Intussuscepção | seed_884:Intussuscepção apendicular | seed_1086:Neurofibroma mediastinal (mediastino posterior)",""
"flebólitos","2","MANTER","nenhuma","","Tag clara, consistente, sem indício de redundância ou ambiguidade identificado na varredura.","seed_298:Hemangioma de partes moles | seed_331:Malformação venosa",""
"osteófitos","2","MANTER","nenhuma","","Tag clara, consistente, sem indício de redundância ou ambiguidade identificado na varredura.","seed_300:Osteoartrose (osteoartrite) | seed_1250:Osteoartrose do cotovelo com corpos livres múltiplos",""
"estreitamento articular","1","MANTER","nenhuma","","Descritor específico de uso único, sem indício de redundância com outra tag na varredura — classificado como útil/específica.","seed_300:Osteoartrose (osteoartrite)",""
"degenerativo","2","MANTER","nenhuma","","Tag clara, consistente, sem indício de redundância ou ambiguidade identificado na varredura.","seed_300:Osteoartrose (osteoartrite) | seed_781:Tendinopatia patelar",""
"esclerose subcondral","1","MANTER","nenhuma","","Descritor específico de uso único, sem indício de redundância com outra tag na varredura — classificado como útil/específica.","seed_300:Osteoartrose (osteoartrite)",""
"estreitamento do espaço articular","1","MANTER","nenhuma","","Descritor específico de uso único, sem indício de redundância com outra tag na varredura — classificado como útil/específica.","seed_300:Osteoartrose (osteoartrite)",""
"sinovial","1","MANTER","nenhuma","","Descritor específico de uso único, sem indício de redundância com outra tag na varredura — classificado como útil/específica.","seed_304:Sinovite vilonodular pigmentada (PVNS)",""
"hemossiderina","3","MANTER","nenhuma","","Tag clara, consistente, sem indício de redundância ou ambiguidade identificado na varredura.","seed_304:Sinovite vilonodular pigmentada (PVNS) | seed_841:Artropatia hemofílica | seed_1224:Hematoma organizado de partes moles",""
"blooming","1","MANTER","nenhuma","","Descritor específico de uso único, sem indício de redundância com outra tag na varredura — classificado como útil/específica.","seed_304:Sinovite vilonodular pigmentada (PVNS)",""
"fusiforme","2","MANTER","nenhuma","","Tag clara, consistente, sem indício de redundância ou ambiguidade identificado na varredura.","seed_307:Neuroma de Morton | seed_710:Neurofibroma de nervo periférico",""
"neuropatia compressiva","2","MANTER","nenhuma","","Tag clara, consistente, sem indício de redundância ou ambiguidade identificado na varredura.","seed_307:Neuroma de Morton | seed_1210:Síndrome do pronador redondo (compressão do nervo mediano)",""
"mudança temporal de sinal","2","MANTER","nenhuma","","Tag clara, consistente, sem indício de redundância ou ambiguidade identificado na varredura.","seed_317:Hematoma muscular intramuscular | seed_682:Hematoma pós-operatório mamário",""
"coleção possível","2","MANTER","nenhuma","","Tag clara, consistente, sem indício de redundância ou ambiguidade identificado na varredura.","seed_320:Miosite infecciosa (piomiosite) | seed_686:Infecção da parede torácica",""
"trombo mural","2","MANTER","nenhuma","","Tag clara, consistente, sem indício de redundância ou ambiguidade identificado na varredura.","seed_323:Aneurisma de aorta abdominal | seed_342:Aneurisma de artéria poplítea",""
"flap intimal","7","MANTER","nenhuma","","Tag clara, consistente, sem indício de redundância ou ambiguidade identificado na varredura.","seed_324:Dissecção aórtica | seed_353:Dissecção de artéria vertebral | seed_356:Dissecção espontânea de artéria mesentérica superior | seed_758:Dissecção de artéria carótida interna cervical | seed_795:Dissecção espontânea da artéria celíaca | seed_848:Dissecção de artéria periférica | seed_955:Dissecção arterial iatrogênica",""
"dois lumens","2","MANTER","nenhuma","","Tag clara, consistente, sem indício de redundância ou ambiguidade identificado na varredura.","seed_324:Dissecção aórtica | seed_356:Dissecção espontânea de artéria mesentérica superior",""
"colo estreito","1","MANTER","nenhuma","","Descritor específico de uso único, sem indício de redundância com outra tag na varredura — classificado como útil/específica.","seed_325:Pseudoaneurisma aórtico",""
"trombótico","2","MANTER","nenhuma","","Tag clara, consistente, sem indício de redundância ou ambiguidade identificado na varredura.","seed_330:Trombose venosa profunda | seed_713:Massa cardíaca trombótica",""
"não compressibilidade","1","MANTER","nenhuma","","Descritor específico de uso único, sem indício de redundância com outra tag na varredura — classificado como útil/específica.","seed_330:Trombose venosa profunda",""
"risco tromboembólico","1","MANTER","nenhuma","","Descritor específico de uso único, sem indício de redundância com outra tag na varredura — classificado como útil/específica.","seed_330:Trombose venosa profunda",""
"trombo venoso","4","MANTER","nenhuma","","Tag clara, consistente, sem indício de redundância ou ambiguidade identificado na varredura.","seed_334:Trombose de veia porta | seed_824:Trombose da veia porta intra-hepática | seed_826:Trombose da veia renal | seed_839:Trombose de veia mesentérica superior",""
"obstrução linfática","1","MANTER","nenhuma","","Descritor específico de uso único, sem indício de redundância com outra tag na varredura — classificado como útil/específica.","seed_337:Linfedema (primário ou secundário)",""
"multiloculada","2","REVISAR","nenhuma_automatica","multilocular","Possível variação de formação de palavra/gênero frente a ""multilocular"" (1 uso) — grupo G5.","seed_338:Malformação linfática de partes moles | seed_657:Linfangioma cervical (malformação linfática)",""
"congênito","6","MANTER","nenhuma","","Tag clara, consistente, sem indício de redundância ou ambiguidade identificado na varredura.","seed_338:Malformação linfática de partes moles | seed_654:Cisto de Thornwaldt | seed_657:Linfangioma cervical (malformação linfática) | seed_668:Agenesia de vesícula seminal | seed_779:Ureterocele intravesical | seed_837:Cisto do ducto mülleriano",""
"estenose segmentar","11","MANTER","nenhuma","","Tag clara, consistente, sem indício de redundância ou ambiguidade identificado na varredura.","seed_343:Doença arterial periférica (estenose aterosclerótica) | seed_351:Vasoespasmo cerebral (pós-hemorragia subaracnóidea) | seed_354:Estenose de artéria renal (aterosclerótica) | seed_356:Dissecção espontânea de artéria mesentérica superior | seed_541:Doença de Crohn | seed_570:Estenose carotídea aterosclerótica | seed_571:Síndrome do quebra-nozes (Nutcracker) | seed_608:Síndrome de vasoconstrição cerebral reversível | seed_609:Doença de moyamoya | seed_758:Dissecção de artéria carótida interna cervical | seed_875:Carcinoma colorretal",""
"oclusão","1","MANTER","nenhuma","","Descritor específico de uso único, sem indício de redundância com outra tag na varredura — classificado como útil/específica.","seed_343:Doença arterial periférica (estenose aterosclerótica)",""
"aneurismática","3","MANTER","nenhuma","","Tag clara, consistente, sem indício de redundância ou ambiguidade identificado na varredura.","seed_358:Aneurisma de artéria esplênica | seed_359:Aneurisma de artéria hepática | seed_574:Aneurisma de artéria renal",""
"risco de ruptura","3","MANTER","nenhuma","","Tag clara, consistente, sem indício de redundância ou ambiguidade identificado na varredura.","seed_359:Aneurisma de artéria hepática | seed_574:Aneurisma de artéria renal | seed_796:Pseudoaneurisma de artéria esplênica",""
"enchimento arterial","2","MANTER","nenhuma","","Tag clara, consistente, sem indício de redundância ou ambiguidade identificado na varredura.","seed_359:Aneurisma de artéria hepática | seed_759:Pseudoaneurisma traumático de carótida cervical",""
"oclusão arterial","2","MANTER","nenhuma","","Tag clara, consistente, sem indício de redundância ou ambiguidade identificado na varredura.","seed_360:Trombose de artéria mesentérica superior | seed_850:Trombose arterial aguda de membro",""
"isquemia mesentérica","1","MANTER","nenhuma","","Descritor específico de uso único, sem indício de redundância com outra tag na varredura — classificado como útil/específica.","seed_360:Trombose de artéria mesentérica superior",""
"claw sign","1","MANTER","nenhuma","","Padrão/sinal nomeado ou descritor parentético específico — uso único é esperado para achados muito específicos (útil/específica).","seed_361:Tumor de Wilms (nefroblastoma)",""
"pneumatose","5","MANTER","nenhuma","","Tag clara, consistente, sem indício de redundância ou ambiguidade identificado na varredura.","seed_383:Enterocolite necrosante | seed_397:Isquemia mesentérica aguda | seed_437:Pielonefrite enfisematosa | seed_945:Perfuração intestinal pós-procedimento | seed_1073:Úlcera péptica perfurada",""
"edema de parede","2","MANTER","nenhuma","","Tag clara, consistente, sem indício de redundância ou ambiguidade identificado na varredura.","seed_383:Enterocolite necrosante | seed_397:Isquemia mesentérica aguda",""
"subcapsular","1","MANTER","nenhuma","","Descritor específico de uso único, sem indício de redundância com outra tag na varredura — classificado como útil/específica.","seed_401:Hematoma esplênico traumático",""
"linear","5","MANTER","nenhuma","","Tag clara, consistente, sem indício de redundância ou ambiguidade identificado na varredura.","seed_402:Laceração hepática traumática | seed_500:Fratura por insuficiência sacral | seed_563:Fratura por estresse | seed_602:Lesão meniscal | seed_626:Calcificações vasculares mamárias",""
"hemática","1","REVISAR","nenhuma_automatica","","Exemplo citado pelo usuário; pode ser adjetivo específico para FLUIDO (derrame hemático) vs ""hemorrágico"" para tecido — grupo G3.","seed_419:Hemotórax traumático",""
"pleural","4","MANTER","nenhuma","","Tag clara, consistente, sem indício de redundância ou ambiguidade identificado na varredura.","seed_419:Hemotórax traumático | seed_705:Derrame pleural simples | seed_764:Pneumotórax | seed_765:Metástases pleurais",""
"alta atenuação","1","MANTER","nenhuma","","Descritor específico de uso único, sem indício de redundância com outra tag na varredura — classificado como útil/específica.","seed_419:Hemotórax traumático",""
"desvio de linha média","1","MANTER","nenhuma","","Descritor específico de uso único, sem indício de redundância com outra tag na varredura — classificado como útil/específica.","seed_435:Herniação cerebral (transtentorial/subfalcina)",""
"enfisema de partes moles","1","MANTER","nenhuma","","Descritor específico de uso único, sem indício de redundância com outra tag na varredura — classificado como útil/específica.","seed_439:Gangrena de Fournier",""
"papilífera","1","MANTER","nenhuma","","Descritor específico de uso único, sem indício de redundância com outra tag na varredura — classificado como útil/específica.","seed_465:Papilomatose laríngea recorrente",""
"multifocal possível","2","MANTER","nenhuma","","Tag clara, consistente, sem indício de redundância ou ambiguidade identificado na varredura.","seed_465:Papilomatose laríngea recorrente | seed_822:Hemangioendotelioma epitelioide hepático",""
"hiperparatireoidismo","5","MANTER","nenhuma","","Tag clara, consistente, sem indício de redundância ou ambiguidade identificado na varredura.","seed_495:Adenoma de paratireoide | seed_635:Hiperplasia de paratireoides | seed_742:Adenoma paratireoidiano ectópico mediastinal | seed_1206:Tumor marrom do hiperparatireoidismo | seed_1207:Osteíte fibrosa cística",""
"consolidação","5","MANTER","nenhuma","","Tag clara, consistente, sem indício de redundância ou ambiguidade identificado na varredura.","seed_507:Pneumonia lobar | seed_508:Broncopneumonia | seed_509:Pneumonia em organização | seed_511:Síndrome do desconforto respiratório agudo (SDRA) | seed_1076:Pneumonia por aspiração",""
"broncograma aéreo","1","MANTER","nenhuma","","Descritor específico de uso único, sem indício de redundância com outra tag na varredura — classificado como útil/específica.","seed_507:Pneumonia lobar",""
"faveolamento","1","MANTER","nenhuma","","Descritor específico de uso único, sem indício de redundância com outra tag na varredura — classificado como útil/específica.","seed_512:Fibrose pulmonar idiopática / padrão UIP",""
"bronquiectasias de tração","1","MANTER","nenhuma","","Descritor específico de uso único, sem indício de redundância com outra tag na varredura — classificado como útil/específica.","seed_512:Fibrose pulmonar idiopática / padrão UIP",""
"cavitação","4","MANTER","nenhuma","","Tag clara, consistente, sem indício de redundância ou ambiguidade identificado na varredura.","seed_516:Tuberculose pulmonar pós-primária | seed_517:Embolia séptica pulmonar | seed_585:Carcinoma espinocelular pulmonar | seed_621:Aspergiloma",""
"periférico","1","REVISAR","nenhuma_automatica","","Descritor amplo de uma única palavra; dado o modelo de tags como vocabulário facetado (combinável), pode ser um ""building block"" legítimo em vez de ruído — avaliação humana necessária caso a caso.","seed_517:Embolia séptica pulmonar",""
"hiperlucência","1","MANTER","nenhuma","","Descritor específico de uso único, sem indício de redundância com outra tag na varredura — classificado como útil/específica.","seed_519:Enfisema pulmonar",""
"malignidade mamária","2","MANTER","nenhuma","","Tag clara, consistente, sem indício de redundância ou ambiguidade identificado na varredura.","seed_525:Doença de Paget da mama | seed_679:Metástase linfonodal axilar de câncer de mama",""
"hiperemia","3","MANTER","nenhuma","","Tag clara, consistente, sem indício de redundância ou ambiguidade identificado na varredura.","seed_528:Mastite infecciosa | seed_702:Epididimite aguda | seed_709:Orquite",""
"inflamatório/infeccioso","5","EDITAR","padronizar_ordem","infeccioso/inflamatório","Mesmo conceito de ""infeccioso/inflamatório"", apenas ordem de palavras invertida — grupo G1.","seed_528:Mastite infecciosa | seed_649:Encefalite de tronco encefálico | seed_678:Linfadenopatia axilar reacional | seed_714:Linfadenite cervical reacional | seed_738:Cervicite",""
"espessamento cutâneo","1","MANTER","nenhuma","","Descritor específico de uso único, sem indício de redundância com outra tag na varredura — classificado como útil/específica.","seed_528:Mastite infecciosa",""
"unilateral","2","REVISAR","nenhuma_automatica","","Descritor amplo de uma única palavra; dado o modelo de tags como vocabulário facetado (combinável), pode ser um ""building block"" legítimo em vez de ruído — avaliação humana necessária caso a caso.","seed_555:Cisto de vesícula seminal | seed_610:Papiloma invertido sinonasal",""
"espessamento parietal","1","MANTER","nenhuma","","Descritor específico de uso único, sem indício de redundância com outra tag na varredura — classificado como útil/específica.","seed_556:Vesiculite seminal",""
"erosões","2","MANTER","nenhuma","","Tag clara, consistente, sem indício de redundância ou ambiguidade identificado na varredura.","seed_561:Gota | seed_1103:Sacroileíte (espondiloartrite)",""
"destrutiva","4","MANTER","nenhuma","","Tag clara, consistente, sem indício de redundância ou ambiguidade identificado na varredura.","seed_582:Espondilodiscite piogênica | seed_583:Espondilodiscite tuberculosa | seed_639:Condrossarcoma petroclival | seed_677:Condrossarcoma sacral",""
"subsólido","1","MANTER","nenhuma","","Descritor específico de uso único, sem indício de redundância com outra tag na varredura — classificado como útil/específica.","seed_584:Adenocarcinoma pulmonar",""
"central","3","REVISAR","nenhuma_automatica","","Descritor amplo de uma única palavra; dado o modelo de tags como vocabulário facetado (combinável), pode ser um ""building block"" legítimo em vez de ruído — avaliação humana necessária caso a caso.","seed_585:Carcinoma espinocelular pulmonar | seed_586:Carcinoma pulmonar de pequenas células | seed_588:Aspergilose broncopulmonar alérgica",""
"adenopatia","2","MANTER","nenhuma","","Tag clara, consistente, sem indício de redundância ou ambiguidade identificado na varredura.","seed_586:Carcinoma pulmonar de pequenas células | seed_625:Linfoma do mediastino",""
"múltipla","2","MANTER","nenhuma","","Tag clara, consistente, sem indício de redundância ou ambiguidade identificado na varredura.","seed_587:Metástases pulmonares hematogênicas | seed_590:Metástases hepáticas",""
"bronquiectasias","1","MANTER","nenhuma","","Descritor específico de uso único, sem indício de redundância com outra tag na varredura — classificado como útil/específica.","seed_588:Aspergilose broncopulmonar alérgica",""
"muco impactado","1","MANTER","nenhuma","","Descritor específico de uso único, sem indício de redundância com outra tag na varredura — classificado como útil/específica.","seed_588:Aspergilose broncopulmonar alérgica",""
"sombra acústica posterior","1","MANTER","nenhuma","","Descritor específico de uso único, sem indício de redundância com outra tag na varredura — classificado como útil/específica.","seed_589:Carcinoma ductal invasivo / NST",""
"dilata ducto","1","MANTER","nenhuma","","Descritor específico de uso único, sem indício de redundância com outra tag na varredura — classificado como útil/específica.","seed_591:Adenocarcinoma ductal pancreático",""
"ascite","2","MANTER","nenhuma","","Tag clara, consistente, sem indício de redundância ou ambiguidade identificado na varredura.","seed_598:Carcinoma seroso de alto grau do ovário | seed_632:Síndrome de Budd-Chiari",""
"descontinuidade","10","MANTER","nenhuma","","Tag clara, consistente, sem indício de redundância ou ambiguidade identificado na varredura.","seed_602:Lesão meniscal | seed_782:Ruptura do tendão do quadríceps | seed_1161:Perfuração timpânica traumática | seed_1167:Subluxação/luxação dos tendões fibulares | seed_1173:Ruptura parcial do tendão do manguito rotador | seed_1176:Ruptura do tendão do subescapular | seed_1180:Lesão do complexo fibrocartilagem triangular (TFCC) | seed_1181:Instabilidade escafolunar | seed_1187:Disfunção/ruptura do tendão tibial posterior | seed_1197:Lesão da placa plantar (articulação metatarsofalângica)",""
"colaterais","1","MANTER","nenhuma","","Descritor específico de uso único, sem indício de redundância com outra tag na varredura — classificado como útil/específica.","seed_609:Doença de moyamoya",""
"realce cerebriforme","1","MANTER","nenhuma","","Descritor específico de uso único, sem indício de redundância com outra tag na varredura — classificado como útil/específica.","seed_610:Papiloma invertido sinonasal",""
"realce dural","2","MANTER","nenhuma","","Tag clara, consistente, sem indício de redundância ou ambiguidade identificado na varredura.","seed_612:Hipotensão intracraniana espontânea | seed_821:Meningioma en plaque do osso temporal",""
"extensão epidural","1","MANTER","nenhuma","","Descritor específico de uso único, sem indício de redundância com outra tag na varredura — classificado como útil/específica.","seed_617:Hemangioma vertebral agressivo",""
"vidro fosco","5","MANTER","nenhuma","","Tag clara, consistente, sem indício de redundância ou ambiguidade identificado na varredura.","seed_620:Pneumocistose pulmonar | seed_622:Hemorragia alveolar difusa | seed_628:Proteínose alveolar pulmonar | seed_1079:Pneumonia por Pneumocystis jirovecii | seed_1081:Nódulo em vidro fosco persistente (adenocarcinoma in situ)",""
"massa intracavitária","1","MANTER","nenhuma","","Descritor específico de uso único, sem indício de redundância com outra tag na varredura — classificado como útil/específica.","seed_621:Aspergiloma",""
"móvel","1","REVISAR","nenhuma_automatica","","Tag curta de uso único — avaliar se é específica o suficiente ou excesso de granularidade.","seed_621:Aspergiloma",""
"espessamento septal","1","MANTER","nenhuma","","Descritor específico de uso único, sem indício de redundância com outra tag na varredura — classificado como útil/específica.","seed_624:Linfangite carcinomatosa pulmonar",""
"assimétrico","1","REVISAR","nenhuma_automatica","","Descritor amplo de uma única palavra; dado o modelo de tags como vocabulário facetado (combinável), pode ser um ""building block"" legítimo em vez de ruído — avaliação humana necessária caso a caso.","seed_624:Linfangite carcinomatosa pulmonar",""
"benigno","3","REVISAR","nenhuma_automatica","","Ver ""benigna"" — grupo G5.","seed_626:Calcificações vasculares mamárias | seed_627:Calcificações por necrose gordurosa | seed_674:Granuloma de colesterol do ápice petroso",""
"crazy paving","1","MANTER","nenhuma","","Descritor específico de uso único, sem indício de redundância com outra tag na varredura — classificado como útil/específica.","seed_628:Proteínose alveolar pulmonar",""
"nefrograma estriado","1","MANTER","nenhuma","","Descritor específico de uso único, sem indício de redundância com outra tag na varredura — classificado como útil/específica.","seed_629:Pielonefrite aguda",""
"massa anexial","1","MANTER","nenhuma","","Descritor específico de uso único, sem indício de redundância com outra tag na varredura — classificado como útil/específica.","seed_631:Gestação ectópica tubária",""
"trombose","1","MANTER","nenhuma","","Descritor específico de uso único, sem indício de redundância com outra tag na varredura — classificado como útil/específica.","seed_632:Síndrome de Budd-Chiari",""
"congestão hepática","1","MANTER","nenhuma","","Descritor específico de uso único, sem indício de redundância com outra tag na varredura — classificado como útil/específica.","seed_632:Síndrome de Budd-Chiari",""
"espessamento pericárdico","2","MANTER","nenhuma","","Tag clara, consistente, sem indício de redundância ou ambiguidade identificado na varredura.","seed_636:Pericardite constritiva | seed_712:Pericardite aguda",""
"inflamatório/desmielinizante","2","REVISAR","nenhuma_automatica","","Padrão de tag composta ""A/B"" — grupo G9.","seed_638:Neurite óptica | seed_787:Inflamação do quiasma óptico",""
"pós-procedimento","1","MANTER","nenhuma","","Descritor específico de uso único, sem indício de redundância com outra tag na varredura — classificado como útil/específica.","seed_646:Sinéquia intrauterina (síndrome de Asherman)",""
"bandas intracavitárias","1","MANTER","nenhuma","","Descritor específico de uso único, sem indício de redundância com outra tag na varredura — classificado como útil/específica.","seed_646:Sinéquia intrauterina (síndrome de Asherman)",""
"obliteração parcial da cavidade","1","MANTER","nenhuma","","Descritor específico de uso único, sem indício de redundância com outra tag na varredura — classificado como útil/específica.","seed_646:Sinéquia intrauterina (síndrome de Asherman)",""
"focal","4","REVISAR","nenhuma_automatica","","Descritor amplo de uma única palavra; dado o modelo de tags como vocabulário facetado (combinável), pode ser um ""building block"" legítimo em vez de ruído — avaliação humana necessária caso a caso.","seed_647:Infarto de tronco encefálico | seed_692:Nódulo pulmonar subsólido persistente | seed_700:Microadenoma hipofisário | seed_727:Metástase esplênica",""
"desmielinizante","1","MANTER","nenhuma","","Descritor específico de uso único, sem indício de redundância com outra tag na varredura — classificado como útil/específica.","seed_648:Esclerose múltipla do tronco encefálico",""
"focal ou multifocal","2","REVISAR","nenhuma_automatica","","Padrão de tag composta ""A ou B"" — grupo G9.","seed_648:Esclerose múltipla do tronco encefálico | seed_807:Metástase pancreática",""
"realce possível","1","MANTER","nenhuma","","Descritor específico de uso único, sem indício de redundância com outra tag na varredura — classificado como útil/específica.","seed_648:Esclerose múltipla do tronco encefálico",""
"realce variável","8","MANTER","nenhuma","","Tag clara, consistente, sem indício de redundância ou ambiguidade identificado na varredura.","seed_649:Encefalite de tronco encefálico | seed_727:Metástase esplênica | seed_784:Glioma das vias ópticas | seed_807:Metástase pancreática | seed_823:Peliose hepática | seed_834:Carcinoma de células renais cromófobo | seed_838:Tumor estromal prostático de potencial incerto (STUMP) | seed_863:Pólipo gástrico (fúndico/hiperplásico)",""
"aspecto em pipoca","1","MANTER","nenhuma","","Descritor específico de uso único, sem indício de redundância com outra tag na varredura — classificado como útil/específica.","seed_650:Cavernoma de tronco encefálico",""
"halo de hemossiderina","1","MANTER","nenhuma","","Descritor específico de uso único, sem indício de redundância com outra tag na varredura — classificado como útil/específica.","seed_650:Cavernoma de tronco encefálico",""
"susceptibilidade magnética","1","MANTER","nenhuma","","Descritor específico de uso único, sem indício de redundância com outra tag na varredura — classificado como útil/específica.","seed_650:Cavernoma de tronco encefálico",""
"redução da coluna aérea","1","MANTER","nenhuma","","Descritor específico de uso único, sem indício de redundância com outra tag na varredura — classificado como útil/específica.","seed_653:Hiperplasia adenoideana",""
"linfonodal cervical","2","MANTER","nenhuma","","Tag clara, consistente, sem indício de redundância ou ambiguidade identificado na varredura.","seed_655:Carcinoma nasofaríngeo | seed_754:Linfoma nasofaríngeo",""
"perineural possível","2","MANTER","nenhuma","","Tag clara, consistente, sem indício de redundância ou ambiguidade identificado na varredura.","seed_655:Carcinoma nasofaríngeo | seed_775:Adenocarcinoma de glândula salivar",""
"efeito de massa","1","MANTER","nenhuma","","Descritor específico de uso único, sem indício de redundância com outra tag na varredura — classificado como útil/específica.","seed_656:Abscesso parafaríngeo",""
"transespacial","1","MANTER","nenhuma","","Descritor específico de uso único, sem indício de redundância com outra tag na varredura — classificado como útil/específica.","seed_657:Linfangioma cervical (malformação linfática)",""
"deslocamento vascular","1","MANTER","nenhuma","","Descritor específico de uso único, sem indício de redundância com outra tag na varredura — classificado como útil/específica.","seed_658:Schwannoma cervical",""
"arredondada","2","MANTER","nenhuma","","Tag clara, consistente, sem indício de redundância ou ambiguidade identificado na varredura.","seed_659:Calcificações cutâneas mamárias | seed_715:Metástase linfonodal cervical",""
"ductal","1","REVISAR","nenhuma_automatica","","Tag curta de uso único — avaliar se é específica o suficiente ou excesso de granularidade.","seed_660:Calcificações secretórias mamárias",""
"pleomórfica","1","MANTER","nenhuma","","Descritor específico de uso único, sem indício de redundância com outra tag na varredura — classificado como útil/específica.","seed_663:Calcificações pleomórficas suspeitas",""
"agrupada ou segmentar","1","REVISAR","nenhuma_automatica","","Padrão de tag composta ""A ou B"" — grupo G9.","seed_663:Calcificações pleomórficas suspeitas",""
"perda do ângulo prostato-seminal","1","MANTER","nenhuma","","Descritor específico de uso único, sem indício de redundância com outra tag na varredura — classificado como útil/específica.","seed_666:Invasão tumoral de vesícula seminal",""
"fratura","5","MANTER","nenhuma","","Tag clara, consistente, sem indício de redundância ou ambiguidade identificado na varredura.","seed_672:Fratura do osso temporal | seed_772:Fratura costal | seed_1209:Fratura da glenoide (Bankart ósseo) | seed_1212:Fratura do escafoide | seed_1220:Fratura de Jones (base do 5º metatarso)",""
"deiscência","1","MANTER","nenhuma","","Descritor específico de uso único, sem indício de redundância com outra tag na varredura — classificado como útil/específica.","seed_673:Deiscência do canal semicircular superior",""
"síndrome de terceira janela","1","MANTER","nenhuma","","Padrão/sinal nomeado ou descritor parentético específico — uso único é esperado para achados muito específicos (útil/específica).","seed_673:Deiscência do canal semicircular superior",""
"alta resolução","2","MANTER","nenhuma","","Tag clara, consistente, sem indício de redundância ou ambiguidade identificado na varredura.","seed_673:Deiscência do canal semicircular superior | seed_819:Labirintite ossificante",""
"padrão sal e pimenta","1","MANTER","nenhuma","","Padrão/sinal nomeado ou descritor parentético específico — uso único é esperado para achados muito específicos (útil/específica).","seed_675:Paraganglioma jugular",""
"permeativo","1","MANTER","nenhuma","","Descritor específico de uso único, sem indício de redundância com outra tag na varredura — classificado como útil/específica.","seed_675:Paraganglioma jugular",""
"lobulado","1","MANTER","nenhuma","","Descritor específico de uso único, sem indício de redundância com outra tag na varredura — classificado como útil/específica.","seed_677:Condrossarcoma sacral",""
"cortical espessada","2","MANTER","nenhuma","","Tag clara, consistente, sem indício de redundância ou ambiguidade identificado na varredura.","seed_678:Linfadenopatia axilar reacional | seed_679:Metástase linfonodal axilar de câncer de mama",""
"hilo gorduroso preservado","3","MANTER","nenhuma","","Tag clara, consistente, sem indício de redundância ou ambiguidade identificado na varredura.","seed_678:Linfadenopatia axilar reacional | seed_680:Linfonodo intramamário/axilar ectópico benigno | seed_714:Linfadenite cervical reacional",""
"hilo gorduroso apagado","1","MANTER","nenhuma","","Descritor específico de uso único, sem indício de redundância com outra tag na varredura — classificado como útil/específica.","seed_679:Metástase linfonodal axilar de câncer de mama",""
"linfático","2","MANTER","nenhuma","","Tag clara, consistente, sem indício de redundância ou ambiguidade identificado na varredura.","seed_679:Metástase linfonodal axilar de câncer de mama | seed_715:Metástase linfonodal cervical",""
"reniforme","1","MANTER","nenhuma","","Descritor específico de uso único, sem indício de redundância com outra tag na varredura — classificado como útil/específica.","seed_680:Linfonodo intramamário/axilar ectópico benigno",""
"conteúdo hemático","3","MANTER","nenhuma","","Tag clara, consistente, sem indício de redundância ou ambiguidade identificado na varredura.","seed_682:Hematoma pós-operatório mamário | seed_732:Hematometra | seed_749:Hematocolpo",""
"pós-tratamento","1","MANTER","nenhuma","","Descritor específico de uso único, sem indício de redundância com outra tag na varredura — classificado como útil/específica.","seed_683:Recidiva tumoral no leito cirúrgico mamário",""
"crescimento intervalar","1","MANTER","nenhuma","","Descritor específico de uso único, sem indício de redundância com outra tag na varredura — classificado como útil/específica.","seed_683:Recidiva tumoral no leito cirúrgico mamário",""
"recidiva local","1","MANTER","nenhuma","","Descritor específico de uso único, sem indício de redundância com outra tag na varredura — classificado como útil/específica.","seed_683:Recidiva tumoral no leito cirúrgico mamário",""
"partes moles","2","MANTER","nenhuma","","Tag clara, consistente, sem indício de redundância ou ambiguidade identificado na varredura.","seed_685:Hematoma da parede torácica | seed_1223:Elastofibroma dorsi",""
"abdome agudo","2","MANTER","nenhuma","","Tag clara, consistente, sem indício de redundância ou ambiguidade identificado na varredura.","seed_687:Infarto omental | seed_688:Apendagite epiplóica",""
"densificação focal da gordura","2","MANTER","nenhuma","","Tag clara, consistente, sem indício de redundância ou ambiguidade identificado na varredura.","seed_687:Infarto omental | seed_688:Apendagite epiplóica",""
"lesão gordurosa ovalada","1","MANTER","nenhuma","","Descritor específico de uso único, sem indício de redundância com outra tag na varredura — classificado como útil/específica.","seed_687:Infarto omental",""
"lesão ovalada","1","MANTER","nenhuma","","Descritor específico de uso único, sem indício de redundância com outra tag na varredura — classificado como útil/específica.","seed_688:Apendagite epiplóica",""
"anel hiperatenuante","1","MANTER","nenhuma","","Descritor específico de uso único, sem indício de redundância com outra tag na varredura — classificado como útil/específica.","seed_688:Apendagite epiplóica",""
"inflamatório crônico","2","MANTER","nenhuma","","Tag clara, consistente, sem indício de redundância ou ambiguidade identificado na varredura.","seed_690:Colangite esclerosante primária | seed_773:Sialadenite crônica",""
"estenoses multifocais","1","MANTER","nenhuma","","Descritor específico de uso único, sem indício de redundância com outra tag na varredura — classificado como útil/específica.","seed_690:Colangite esclerosante primária",""
"dilatações alternadas","1","MANTER","nenhuma","","Descritor específico de uso único, sem indício de redundância com outra tag na varredura — classificado como útil/específica.","seed_690:Colangite esclerosante primária",""
"beading","1","MANTER","nenhuma","","Descritor específico de uso único, sem indício de redundância com outra tag na varredura — classificado como útil/específica.","seed_690:Colangite esclerosante primária",""
"subsólida","1","EDITAR","corrigir_concordancia","subsólido","Único uso é em ""Nódulo pulmonar subsólido persistente"" (seed_692) — o substantivo ""nódulo"" é masculino e o próprio NOME da lesão já usa ""subsólido"". A tag ""subsólida"" (feminino) parece erro de digitação, não variação intencional.","seed_692:Nódulo pulmonar subsólido persistente",""
"triangular/oval","1","REVISAR","avaliar_divisao","","Tag composta (""/"" ou ""ou""), uso único — possível excesso de granularidade (ver padrão G9/G13).","seed_693:Nódulo pulmonar perifissural",""
"linfonodo intrapulmonar","1","MANTER","nenhuma","","Descritor específico de uso único, sem indício de redundância com outra tag na varredura — classificado como útil/específica.","seed_693:Nódulo pulmonar perifissural",""
"comportamento benigno típico","1","MANTER","nenhuma","","Descritor específico de uso único, sem indício de redundância com outra tag na varredura — classificado como útil/específica.","seed_693:Nódulo pulmonar perifissural",""
"neoplasia de baixo grau","2","MANTER","nenhuma","","Tag clara, consistente, sem indício de redundância ou ambiguidade identificado na varredura.","seed_694:Tumor lipomatoso atípico do cordão espermático | seed_719:Tumor lipomatoso atípico de partes moles",""
"infiltrativo","3","MANTER","nenhuma","","Tag clara, consistente, sem indício de redundância ou ambiguidade identificado na varredura.","seed_695:Carcinoma espinocelular do pênis | seed_734:Câncer endometrial seroso | seed_831:Carcinoma adenoide cístico de glândula salivar menor",""
"linfática inguinal","1","MANTER","nenhuma","","Descritor específico de uso único, sem indício de redundância com outra tag na varredura — classificado como útil/específica.","seed_695:Carcinoma espinocelular do pênis",""
"linfática cervical","1","MANTER","nenhuma","","Descritor específico de uso único, sem indício de redundância com outra tag na varredura — classificado como útil/específica.","seed_696:Carcinoma medular da tireoide",""
"matriz em vidro fosco","2","MANTER","nenhuma","","Tag clara, consistente, sem indício de redundância ou ambiguidade identificado na varredura.","seed_697:Displasia fibrosa craniofacial | seed_820:Displasia fibrosa do osso temporal",""
"realce reduzido precoce","1","MANTER","nenhuma","","Descritor específico de uso único, sem indício de redundância com outra tag na varredura — classificado como útil/específica.","seed_700:Microadenoma hipofisário",""
"dinâmica com contraste","1","MANTER","nenhuma","","Tag de modalidade de imagem, categoria semântica diferente de achado — não redundante com nenhuma outra. Ver observação estrutural G12.","seed_700:Microadenoma hipofisário",""
"endocrinológico","1","MANTER","nenhuma","","Descritor específico de uso único, sem indício de redundância com outra tag na varredura — classificado como útil/específica.","seed_700:Microadenoma hipofisário",""
"hidrocefalia possível","2","MANTER","nenhuma","","Tag clara, consistente, sem indício de redundância ou ambiguidade identificado na varredura.","seed_701:Hemorragia intraventricular | seed_797:Cisto pineal atípico",""
"sólido extratesticular","1","MANTER","nenhuma","","Descritor específico de uso único, sem indício de redundância com outra tag na varredura — classificado como útil/específica.","seed_703:Tumor adenomatoide do epidídimo",""
"benignidade","16","REVISAR","nenhuma_automatica","","Substantivo abstrato convivendo com adjetivos ""benigna/benigno"" — pode ter uso semântico distinto (""sinal de benignidade"") — grupo G5.","seed_703:Tumor adenomatoide do epidídimo | seed_731:Osteoma osteoide | seed_736:Cistadenoma seroso ovariano | seed_737:Cistadenoma mucinoso ovariano | seed_741:Cisto de paratireoide | seed_748:Leiomioma vaginal | seed_753:Edema de Reinke | seed_755:Cisto de retenção nasofaríngeo | seed_762:Cisto ósseo aneurismático sacral | seed_770:Elastofibroma dorsal | seed_802:Lipoma cervical profundo | seed_803:Schwannoma do espaço carotídeo | seed_806:Cistadenoma seroso pancreático | seed_814:Perineurioma intraneural | seed_820:Displasia fibrosa do osso temporal | seed_846:Osteoma de seio paranasal",""
"espessamento tendíneo","3","MANTER","nenhuma","","Tag clara, consistente, sem indício de redundância ou ambiguidade identificado na varredura.","seed_704:Tenossinovite de De Quervain | seed_1238:Tendinopatia isolada do infraespinhal | seed_1245:Tendinopatia do tríceps (sem ruptura)",""
"líquido na bainha","1","MANTER","nenhuma","","Descritor específico de uso único, sem indício de redundância com outra tag na varredura — classificado como útil/específica.","seed_704:Tenossinovite de De Quervain",""
"hiperostose","2","MANTER","nenhuma","","Tag clara, consistente, sem indício de redundância ou ambiguidade identificado na varredura.","seed_706:Hiperostose frontal interna | seed_821:Meningioma en plaque do osso temporal",""
"incidental","1","REVISAR","nenhuma_automatica","","Descritor amplo de uma única palavra; dado o modelo de tags como vocabulário facetado (combinável), pode ser um ""building block"" legítimo em vez de ruído — avaliação humana necessária caso a caso.","seed_706:Hiperostose frontal interna",""
"poupa tábua externa","1","MANTER","nenhuma","","Descritor específico de uso único, sem indício de redundância com outra tag na varredura — classificado como útil/específica.","seed_706:Hiperostose frontal interna",""
"colapso expiratório","1","MANTER","nenhuma","","Descritor específico de uso único, sem indício de redundância com outra tag na varredura — classificado como útil/específica.","seed_707:Broncomalácia",""
"adquirida ou congênita","1","REVISAR","nenhuma_automatica","","Padrão de tag composta ""A ou B"" — grupo G9.","seed_707:Broncomalácia",""
"aspiração","1","MANTER","nenhuma","","Descritor específico de uso único, sem indício de redundância com outra tag na varredura — classificado como útil/específica.","seed_708:Corpo estranho endobrônquico",""
"emergência possível","2","MANTER","nenhuma","","Tag clara, consistente, sem indício de redundância ou ambiguidade identificado na varredura.","seed_708:Corpo estranho endobrônquico | seed_764:Pneumotórax",""
"obstrução brônquica","1","MANTER","nenhuma","","Descritor específico de uso único, sem indício de redundância com outra tag na varredura — classificado como útil/específica.","seed_708:Corpo estranho endobrônquico",""
"continuidade com nervo","1","MANTER","nenhuma","","Descritor específico de uso único, sem indício de redundância com outra tag na varredura — classificado como útil/específica.","seed_710:Neurofibroma de nervo periférico",""
"edema neural","1","MANTER","nenhuma","","Descritor específico de uso único, sem indício de redundância com outra tag na varredura — classificado como útil/específica.","seed_711:Lesão traumática de nervo periférico",""
"alteração fascicular","1","MANTER","nenhuma","","Descritor específico de uso único, sem indício de redundância com outra tag na varredura — classificado como útil/específica.","seed_711:Lesão traumática de nervo periférico",""
"realce pericárdico","1","MANTER","nenhuma","","Descritor específico de uso único, sem indício de redundância com outra tag na varredura — classificado como útil/específica.","seed_712:Pericardite aguda",""
"intracavitária","1","MANTER","nenhuma","","Descritor específico de uso único, sem indício de redundância com outra tag na varredura — classificado como útil/específica.","seed_713:Massa cardíaca trombótica",""
"hilo apagado","1","MANTER","nenhuma","","Descritor específico de uso único, sem indício de redundância com outra tag na varredura — classificado como útil/específica.","seed_715:Metástase linfonodal cervical",""
"hiperrealce mucoso","2","REVISAR","nenhuma_automatica","realce mucoso","Possível sinônimo intensificado de ""realce mucoso"" (1 uso) — grupo G6.","seed_717:Colite infecciosa | seed_728:Gastrite",""
"edema submucoso","1","MANTER","nenhuma","","Descritor específico de uso único, sem indício de redundância com outra tag na varredura — classificado como útil/específica.","seed_717:Colite infecciosa",""
"realce precoce pós-contraste","2","MANTER","nenhuma","","Tag clara, consistente, sem indício de redundância ou ambiguidade identificado na varredura.","seed_718:Carcinoma ductal da próstata | seed_742:Adenoma paratireoidiano ectópico mediastinal",""
"nódulos não adiposos","1","MANTER","nenhuma","","Descritor específico de uso único, sem indício de redundância com outra tag na varredura — classificado como útil/específica.","seed_719:Tumor lipomatoso atípico de partes moles",""
"realce arterial","1","MANTER","nenhuma","","Descritor específico de uso único, sem indício de redundância com outra tag na varredura — classificado como útil/específica.","seed_722:Metástases hepáticas hipervasculares",""
"inflamatório grave","1","MANTER","nenhuma","","Descritor específico de uso único, sem indício de redundância com outra tag na varredura — classificado como útil/específica.","seed_723:Pancreatite necrosante",""
"complicação","4","MANTER","nenhuma","","Tag clara, consistente, sem indício de redundância ou ambiguidade identificado na varredura.","seed_723:Pancreatite necrosante | seed_746:Fístula linfática pós-operatória | seed_757:Abscesso nasofaríngeo | seed_777:Cistite enfisematosa",""
"hemorragia possível","2","MANTER","nenhuma","","Tag clara, consistente, sem indício de redundância ou ambiguidade identificado na varredura.","seed_724:Carcinoma de células renais papilífero | seed_823:Peliose hepática",""
"defeito de perfusão em cunha","1","MANTER","nenhuma","","Descritor específico de uso único, sem indício de redundância com outra tag na varredura — classificado como útil/específica.","seed_725:Infarto renal",""
"isquemia","1","MANTER","nenhuma","","Descritor específico de uso único, sem indício de redundância com outra tag na varredura — classificado como útil/específica.","seed_725:Infarto renal",""
"circulação colateral","1","MANTER","nenhuma","","Descritor específico de uso único, sem indício de redundância com outra tag na varredura — classificado como útil/específica.","seed_726:Síndrome da veia cava superior",""
"congestão venosa","1","MANTER","nenhuma","","Descritor específico de uso único, sem indício de redundância com outra tag na varredura — classificado como útil/específica.","seed_726:Síndrome da veia cava superior",""
"espessamento mural","1","MANTER","nenhuma","","Descritor específico de uso único, sem indício de redundância com outra tag na varredura — classificado como útil/específica.","seed_728:Gastrite",""
"pneumoperitônio","1","MANTER","nenhuma","","Descritor específico de uso único, sem indício de redundância com outra tag na varredura — classificado como útil/específica.","seed_729:Úlcera gástrica perfurada",""
"edema medular","2","MANTER","nenhuma","","Tag clara, consistente, sem indício de redundância ou ambiguidade identificado na varredura.","seed_730:Osteomielite hematogênica | seed_1219:Contusão óssea em padrão de pivot shift",""
"nidus","1","REVISAR","nenhuma_automatica","","Tag curta de uso único — avaliar se é específica o suficiente ou excesso de granularidade.","seed_731:Osteoma osteoide",""
"esclerose reacional","1","MANTER","nenhuma","","Descritor específico de uso único, sem indício de redundância com outra tag na varredura — classificado como útil/específica.","seed_731:Osteoma osteoide",""
"cavidade endometrial","2","MANTER","nenhuma","","Tag clara, consistente, sem indício de redundância ou ambiguidade identificado na varredura.","seed_732:Hematometra | seed_735:Retenção de produtos da concepção",""
"espessamento endometrial","1","MANTER","nenhuma","","Descritor específico de uso único, sem indício de redundância com outra tag na varredura — classificado como útil/específica.","seed_733:Endometrite",""
"peritoneal possível","2","MANTER","nenhuma","","Tag clara, consistente, sem indício de redundância ou ambiguidade identificado na varredura.","seed_734:Câncer endometrial seroso | seed_750:Carcinoma primário da trompa de Falópio",""
"unilocular","1","MANTER","nenhuma","","Descritor específico de uso único, sem indício de redundância com outra tag na varredura — classificado como útil/específica.","seed_736:Cistadenoma seroso ovariano",""
"multilocular","1","MANTER","nenhuma","","Descritor específico de uso único, sem indício de redundância com outra tag na varredura — classificado como útil/específica.","seed_737:Cistadenoma mucinoso ovariano",""
"edema cervical","1","MANTER","nenhuma","","Descritor específico de uso único, sem indício de redundância com outra tag na varredura — classificado como útil/específica.","seed_738:Cervicite",""
"multicística","1","MANTER","nenhuma","","Descritor específico de uso único, sem indício de redundância com outra tag na varredura — classificado como útil/específica.","seed_739:Adenoma maligno do colo uterino",""
"realce septal/estromal","1","REVISAR","avaliar_divisao","","Tag composta (""/"" ou ""ou""), uso único — possível excesso de granularidade (ver padrão G9/G13).","seed_739:Adenoma maligno do colo uterino",""
"massa sólida","5","MANTER","nenhuma","","Tag clara, consistente, sem indício de redundância ou ambiguidade identificado na varredura.","seed_740:Carcinoma de paratireoide | seed_775:Adenocarcinoma de glândula salivar | seed_792:Metástase peniana | seed_803:Schwannoma do espaço carotídeo | seed_834:Carcinoma de células renais cromófobo",""
"ectópica","1","MANTER","nenhuma","","Descritor específico de uso único, sem indício de redundância com outra tag na varredura — classificado como útil/específica.","seed_742:Adenoma paratireoidiano ectópico mediastinal",""
"trajeto linfático","1","MANTER","nenhuma","","Descritor específico de uso único, sem indício de redundância com outra tag na varredura — classificado como útil/específica.","seed_746:Fístula linfática pós-operatória",""
"massa anexial tubular","1","MANTER","nenhuma","","Descritor específico de uso único, sem indício de redundância com outra tag na varredura — classificado como útil/específica.","seed_750:Carcinoma primário da trompa de Falópio",""
"neuropático","1","MANTER","nenhuma","","Descritor específico de uso único, sem indício de redundância com outra tag na varredura — classificado como útil/específica.","seed_751:Paralisia de prega vocal",""
"assimetria laríngea","1","MANTER","nenhuma","","Descritor específico de uso único, sem indício de redundância com outra tag na varredura — classificado como útil/específica.","seed_751:Paralisia de prega vocal",""
"imobilidade de prega vocal","1","MANTER","nenhuma","","Descritor específico de uso único, sem indício de redundância com outra tag na varredura — classificado como útil/específica.","seed_751:Paralisia de prega vocal",""
"dilatação do ventrículo laríngeo","1","MANTER","nenhuma","","Descritor específico de uso único, sem indício de redundância com outra tag na varredura — classificado como útil/específica.","seed_751:Paralisia de prega vocal",""
"espessamento bilateral das pregas vocais","1","MANTER","nenhuma","","Descritor específico de uso único, sem indício de redundância com outra tag na varredura — classificado como útil/específica.","seed_753:Edema de Reinke",""
"malignidade hematológica","2","MANTER","nenhuma","","Tag clara, consistente, sem indício de redundância ou ambiguidade identificado na varredura.","seed_754:Linfoma nasofaríngeo | seed_832:Linfoma da orofaringe",""
"massa submucosa","2","MANTER","nenhuma","","Tag clara, consistente, sem indício de redundância ou ambiguidade identificado na varredura.","seed_754:Linfoma nasofaríngeo | seed_832:Linfoma da orofaringe",""
"ausência de realce interno","2","REVISAR","nenhuma_automatica","","Possível gradação (não pura redundância) frente a ""ausência de realce"" — grupo G8.","seed_755:Cisto de retenção nasofaríngeo | seed_769:Linfocele retroperitoneal",""
"aumento difuso","1","MANTER","nenhuma","","Descritor específico de uso único, sem indício de redundância com outra tag na varredura — classificado como útil/específica.","seed_756:Adenoidite",""
"estreitamento luminal","1","MANTER","nenhuma","","Descritor específico de uso único, sem indício de redundância com outra tag na varredura — classificado como útil/específica.","seed_758:Dissecção de artéria carótida interna cervical",""
"hematoma mural","1","MANTER","nenhuma","","Descritor específico de uso único, sem indício de redundância com outra tag na varredura — classificado como útil/específica.","seed_758:Dissecção de artéria carótida interna cervical",""
"pseudoaneurisma","3","MANTER","nenhuma","","Tag clara, consistente, sem indício de redundância ou ambiguidade identificado na varredura.","seed_759:Pseudoaneurisma traumático de carótida cervical | seed_796:Pseudoaneurisma de artéria esplênica | seed_849:Pseudoaneurisma pós-cateterismo",""
"complicação vascular","1","MANTER","nenhuma","","Descritor específico de uso único, sem indício de redundância com outra tag na varredura — classificado como útil/específica.","seed_759:Pseudoaneurisma traumático de carótida cervical",""
"aterosclerótico","1","MANTER","nenhuma","","Descritor específico de uso único, sem indício de redundância com outra tag na varredura — classificado como útil/específica.","seed_760:Aterosclerose carotídea extracraniana",""
"remodelamento cortical","1","MANTER","nenhuma","","Descritor específico de uso único, sem indício de redundância com outra tag na varredura — classificado como útil/específica.","seed_762:Cisto ósseo aneurismático sacral",""
"neoplasia","3","MANTER","nenhuma","","Tag clara, consistente, sem indício de redundância ou ambiguidade identificado na varredura.","seed_763:Tumor epidural primário | seed_784:Glioma das vias ópticas | seed_798:Tumor do parênquima pineal de diferenciação intermediária",""
"massa epidural","1","MANTER","nenhuma","","Descritor específico de uso único, sem indício de redundância com outra tag na varredura — classificado como útil/específica.","seed_763:Tumor epidural primário",""
"gás","2","MANTER","nenhuma","","Tag clara, consistente, sem indício de redundância ou ambiguidade identificado na varredura.","seed_764:Pneumotórax | seed_777:Cistite enfisematosa",""
"colapso pulmonar","1","MANTER","nenhuma","","Descritor específico de uso único, sem indício de redundância com outra tag na varredura — classificado como útil/específica.","seed_764:Pneumotórax",""
"derrame pleural","1","MANTER","nenhuma","","Descritor específico de uso único, sem indício de redundância com outra tag na varredura — classificado como útil/específica.","seed_765:Metástases pleurais",""
"massa volumosa","1","MANTER","nenhuma","","Descritor específico de uso único, sem indício de redundância com outra tag na varredura — classificado como útil/específica.","seed_767:Sarcoma retroperitoneal",""
"neoplasia neuroendócrina","2","MANTER","nenhuma","","Tag clara, consistente, sem indício de redundância ou ambiguidade identificado na varredura.","seed_768:Paraganglioma retroperitoneal funcional | seed_804:Paraganglioma do corpo carotídeo",""
"mal definida","1","EDITAR","fundir_requer_confirmacao","margens mal definidas","Possível forma abreviada de ""margens mal definidas"" (12 usos), mas requer confirmar no contexto da lesão antes de fundir — grupo G11.","seed_770:Elastofibroma dorsal",""
"bandas de gordura interpostas","1","MANTER","nenhuma","","Descritor específico de uso único, sem indício de redundância com outra tag na varredura — classificado como útil/específica.","seed_770:Elastofibroma dorsal",""
"autoimune","3","MANTER","nenhuma","","Tag clara, consistente, sem indício de redundância ou ambiguidade identificado na varredura.","seed_774:Síndrome de Sjögren das glândulas salivares | seed_805:Pancreatite autoimune | seed_830:Encefalite autoimune",""
"heterogeneidade glandular","1","MANTER","nenhuma","","Descritor específico de uso único, sem indício de redundância com outra tag na varredura — classificado como útil/específica.","seed_774:Síndrome de Sjögren das glândulas salivares",""
"múltiplas áreas hipoecoicas","1","MANTER","nenhuma","","Descritor específico de uso único, sem indício de redundância com outra tag na varredura — classificado como útil/específica.","seed_774:Síndrome de Sjögren das glândulas salivares",""
"xerostomia","1","MANTER","nenhuma","","Descritor específico de uso único, sem indício de redundância com outra tag na varredura — classificado como útil/específica.","seed_774:Síndrome de Sjögren das glândulas salivares",""
"massa mural","1","MANTER","nenhuma","","Descritor específico de uso único, sem indício de redundância com outra tag na varredura — classificado como útil/específica.","seed_778:Carcinoma escamoso da bexiga",""
"irritação crônica","1","MANTER","nenhuma","","Descritor específico de uso único, sem indício de redundância com outra tag na varredura — classificado como útil/específica.","seed_778:Carcinoma escamoso da bexiga",""
"fistuloso","1","MANTER","nenhuma","","Descritor específico de uso único, sem indício de redundância com outra tag na varredura — classificado como útil/específica.","seed_780:Fístula colovesical",""
"edema periligamentar","1","MANTER","nenhuma","","Descritor específico de uso único, sem indício de redundância com outra tag na varredura — classificado como útil/específica.","seed_783:Lesão do ligamento colateral medial do joelho",""
"distúrbio liquórico","1","MANTER","nenhuma","","Descritor específico de uso único, sem indício de redundância com outra tag na varredura — classificado como útil/específica.","seed_788:Hidrocefalia comunicante",""
"ventriculomegalia difusa","1","MANTER","nenhuma","","Descritor específico de uso único, sem indício de redundância com outra tag na varredura — classificado como útil/específica.","seed_788:Hidrocefalia comunicante",""
"debris intraventriculares","1","MANTER","nenhuma","","Descritor específico de uso único, sem indício de redundância com outra tag na varredura — classificado como útil/específica.","seed_789:Ventriculite",""
"compressivo","2","MANTER","nenhuma","","Tag clara, consistente, sem indício de redundância ou ambiguidade identificado na varredura.","seed_793:Neuropatia óptica compressiva | seed_813:Síndrome do túnel do tarso",""
"restrição à difusão possível","1","MANTER","nenhuma","","Descritor específico de uso único, sem indício de redundância com outra tag na varredura — classificado como útil/específica.","seed_794:Isquemia do quiasma óptico",""
"déficit visual","1","MANTER","nenhuma","","Descritor específico de uso único, sem indício de redundância com outra tag na varredura — classificado como útil/específica.","seed_794:Isquemia do quiasma óptico",""
"falso lúmen","1","MANTER","nenhuma","","Descritor específico de uso único, sem indício de redundância com outra tag na varredura — classificado como útil/específica.","seed_795:Dissecção espontânea da artéria celíaca",""
"massa pineal","2","MANTER","nenhuma","","Tag clara, consistente, sem indício de redundância ou ambiguidade identificado na varredura.","seed_798:Tumor do parênquima pineal de diferenciação intermediária | seed_811:Metástase da região pineal",""
"restrição à difusão variável","2","MANTER","nenhuma","","Tag clara, consistente, sem indício de redundância ou ambiguidade identificado na varredura.","seed_798:Tumor do parênquima pineal de diferenciação intermediária | seed_830:Encefalite autoimune",""
"bifurcação carotídea","1","MANTER","nenhuma","","Descritor específico de uso único, sem indício de redundância com outra tag na varredura — classificado como útil/específica.","seed_804:Paraganglioma do corpo carotídeo",""
"realce tardio","1","MANTER","nenhuma","","Descritor específico de uso único, sem indício de redundância com outra tag na varredura — classificado como útil/específica.","seed_805:Pancreatite autoimune",""
"microcística","1","MANTER","nenhuma","","Descritor específico de uso único, sem indício de redundância com outra tag na varredura — classificado como útil/específica.","seed_806:Cistadenoma seroso pancreático",""
"hiperemia periférica","2","MANTER","nenhuma","","Tag clara, consistente, sem indício de redundância ou ambiguidade identificado na varredura.","seed_808:Abscesso epididimário | seed_825:Abscesso testicular",""
"nódulo sólido","1","MANTER","nenhuma","","Descritor específico de uso único, sem indício de redundância com outra tag na varredura — classificado como útil/específica.","seed_809:Granuloma espermático",""
"epidídimo","1","MANTER","nenhuma","","Descritor específico de uso único, sem indício de redundância com outra tag na varredura — classificado como útil/específica.","seed_809:Granuloma espermático",""
"massa bem delimitada","1","MANTER","nenhuma","","Descritor específico de uso único, sem indício de redundância com outra tag na varredura — classificado como útil/específica.","seed_810:Meningioma da região pineal",""
"aumento de sinal neural","1","MANTER","nenhuma","","Padrão/sinal nomeado ou descritor parentético específico — uso único é esperado para achados muito específicos (útil/específica).","seed_812:Neuropatia do nervo fibular comum",""
"denervação muscular possível","2","MANTER","nenhuma","","Tag clara, consistente, sem indício de redundância ou ambiguidade identificado na varredura.","seed_812:Neuropatia do nervo fibular comum | seed_813:Síndrome do túnel do tarso",""
"nervo periférico","1","MANTER","nenhuma","","Descritor específico de uso único, sem indício de redundância com outra tag na varredura — classificado como útil/específica.","seed_814:Perineurioma intraneural",""
"aumento fusiforme neural","1","MANTER","nenhuma","","Descritor específico de uso único, sem indício de redundância com outra tag na varredura — classificado como útil/específica.","seed_814:Perineurioma intraneural",""
"hipófise/infundíbulo","2","MANTER","nenhuma","","Tag clara, consistente, sem indício de redundância ou ambiguidade identificado na varredura.","seed_815:Metástase hipofisária | seed_828:Hipofisite granulomatosa",""
"enchimento vascular","1","MANTER","nenhuma","","Descritor específico de uso único, sem indício de redundância com outra tag na varredura — classificado como útil/específica.","seed_817:Aneurisma parasselar",""
"risco hemorrágico","1","MANTER","nenhuma","","Descritor específico de uso único, sem indício de redundância com outra tag na varredura — classificado como útil/específica.","seed_817:Aneurisma parasselar",""
"erosão septal","1","MANTER","nenhuma","","Descritor específico de uso único, sem indício de redundância com outra tag na varredura — classificado como útil/específica.","seed_818:Mastoidite coalescente",""
"ossificação","1","MANTER","nenhuma","","Descritor específico de uso único, sem indício de redundância com outra tag na varredura — classificado como útil/específica.","seed_819:Labirintite ossificante",""
"múltiplas cavidades sanguíneas","1","MANTER","nenhuma","","Descritor específico de uso único, sem indício de redundância com outra tag na varredura — classificado como útil/específica.","seed_823:Peliose hepática",""
"ramos portais","1","MANTER","nenhuma","","Descritor específico de uso único, sem indício de redundância com outra tag na varredura — classificado como útil/específica.","seed_824:Trombose da veia porta intra-hepática",""
"infeccioso oportunista","1","MANTER","nenhuma","","Descritor específico de uso único, sem indício de redundância com outra tag na varredura — classificado como útil/específica.","seed_829:Leucoencefalopatia multifocal progressiva",""
"hipersinal T2/FLAIR","2","MANTER","nenhuma","","Tag clara, consistente, sem indício de redundância ou ambiguidade identificado na varredura.","seed_829:Leucoencefalopatia multifocal progressiva | seed_830:Encefalite autoimune",""
"perineural","1","MANTER","nenhuma","","Descritor específico de uso único, sem indício de redundância com outra tag na varredura — classificado como útil/específica.","seed_831:Carcinoma adenoide cístico de glândula salivar menor",""
"realce relativamente homogêneo","1","EDITAR","fundir","realce homogêneo","Hedge de ""realce homogêneo"" (28 usos), 1 lesão afetada (seed_832) — grupo G6.","seed_832:Linfoma da orofaringe",""
"edema mesentérico","1","MANTER","nenhuma","","Descritor específico de uso único, sem indício de redundância com outra tag na varredura — classificado como útil/específica.","seed_839:Trombose de veia mesentérica superior",""
"hemorrágico crônico","1","MANTER","nenhuma","","Descritor específico de uso único, sem indício de redundância com outra tag na varredura — classificado como útil/específica.","seed_841:Artropatia hemofílica",""
"hipertrofia sinovial","1","MANTER","nenhuma","","Descritor específico de uso único, sem indício de redundância com outra tag na varredura — classificado como útil/específica.","seed_841:Artropatia hemofílica",""
"erosões/remodelamento","1","REVISAR","avaliar_divisao","","Tag composta (""/"" ou ""ou""), uso único — possível excesso de granularidade (ver padrão G9/G13).","seed_841:Artropatia hemofílica",""
"inflamatório autolimitado","1","MANTER","nenhuma","","Descritor específico de uso único, sem indício de redundância com outra tag na varredura — classificado como útil/específica.","seed_842:Sinovite transitória do quadril",""
"derrame articular","3","MANTER","nenhuma","","Tag clara, consistente, sem indício de redundância ou ambiguidade identificado na varredura.","seed_842:Sinovite transitória do quadril | seed_1248:Sinal da vela (derrame articular do cotovelo) | seed_1265:Derrame articular do quadril pediátrico (triagem sinovite x artrite séptica)",""
"espessamento sinovial discreto","1","MANTER","nenhuma","","Descritor específico de uso único, sem indício de redundância com outra tag na varredura — classificado como útil/específica.","seed_842:Sinovite transitória do quadril",""
"rigidez parietal","1","MANTER","nenhuma","","Descritor específico de uso único, sem indício de redundância com outra tag na varredura — classificado como útil/específica.","seed_847:Linite plástica",""
"iatrogênico","1","MANTER","nenhuma","","Descritor específico de uso único, sem indício de redundância com outra tag na varredura — classificado como útil/específica.","seed_849:Pseudoaneurisma pós-cateterismo",""
"fluxo yin-yang","1","MANTER","nenhuma","","Descritor específico de uso único, sem indício de redundância com outra tag na varredura — classificado como útil/específica.","seed_849:Pseudoaneurisma pós-cateterismo",""
"isquemia aguda","1","MANTER","nenhuma","","Descritor específico de uso único, sem indício de redundância com outra tag na varredura — classificado como útil/específica.","seed_850:Trombose arterial aguda de membro",""
"território arterial","1","MANTER","nenhuma","","Descritor específico de uso único, sem indício de redundância com outra tag na varredura — classificado como útil/específica.","seed_856:Infarto cerebelar",""
"lesão mucosa","1","MANTER","nenhuma","","Descritor específico de uso único, sem indício de redundância com outra tag na varredura — classificado como útil/específica.","seed_863:Pólipo gástrico (fúndico/hiperplásico)",""
"polipoide","1","MANTER","nenhuma","","Descritor específico de uso único, sem indício de redundância com outra tag na varredura — classificado como útil/específica.","seed_863:Pólipo gástrico (fúndico/hiperplásico)",""
"mucosa gástrica","1","MANTER","nenhuma","","Descritor específico de uso único, sem indício de redundância com outra tag na varredura — classificado como útil/específica.","seed_863:Pólipo gástrico (fúndico/hiperplásico)",""
"aprisionamento aéreo","3","MANTER","nenhuma","","Tag clara, consistente, sem indício de redundância ou ambiguidade identificado na varredura.","seed_998:Aspiração de corpo estranho pediátrico | seed_1000:Bronquiolite viral aguda | seed_1083:Bronquiolite obliterante",""
"assimetria","3","MANTER","nenhuma","","Tag clara, consistente, sem indício de redundância ou ambiguidade identificado na varredura.","seed_1051:Paralisia de corda vocal | seed_1157:Síndrome de Grisel | seed_1201:Síndrome do desfiladeiro torácico (compressão neurovascular)",""
"nódulos","2","MANTER","nenhuma","","Tag clara, consistente, sem indício de redundância ou ambiguidade identificado na varredura.","seed_1074:Silicose | seed_1078:Histiocitose pulmonar de células de Langerhans",""
"linfonodomegalia hilar","1","MANTER","nenhuma","","Descritor específico de uso único, sem indício de redundância com outra tag na varredura — classificado como útil/específica.","seed_1074:Silicose",""
"exposição ocupacional","1","MANTER","nenhuma","","Descritor específico de uso único, sem indício de redundância com outra tag na varredura — classificado como útil/específica.","seed_1074:Silicose",""
"bibasal","1","MANTER","nenhuma","","Descritor específico de uso único, sem indício de redundância com outra tag na varredura — classificado como útil/específica.","seed_1075:Asbestose",""
"subpleural","1","MANTER","nenhuma","","Descritor específico de uso único, sem indício de redundância com outra tag na varredura — classificado como útil/específica.","seed_1075:Asbestose",""
"favo de mel","1","MANTER","nenhuma","","Descritor específico de uso único, sem indício de redundância com outra tag na varredura — classificado como útil/específica.","seed_1075:Asbestose",""
"dependente da gravidade","1","MANTER","nenhuma","","Descritor específico de uso único, sem indício de redundância com outra tag na varredura — classificado como útil/específica.","seed_1076:Pneumonia por aspiração",""
"segmento posterior","1","MANTER","nenhuma","","Descritor específico de uso único, sem indício de redundância com outra tag na varredura — classificado como útil/específica.","seed_1076:Pneumonia por aspiração",""
"predomínio superior","2","MANTER","nenhuma","","Tag clara, consistente, sem indício de redundância ou ambiguidade identificado na varredura.","seed_1078:Histiocitose pulmonar de células de Langerhans | seed_1084:Fibrose cística (mucoviscidose)",""
"tabagismo","1","MANTER","nenhuma","","Descritor específico de uso único, sem indício de redundância com outra tag na varredura — classificado como útil/específica.","seed_1078:Histiocitose pulmonar de células de Langerhans",""
"irregular","1","REVISAR","nenhuma_automatica","","Descritor amplo de uma única palavra; dado o modelo de tags como vocabulário facetado (combinável), pode ser um ""building block"" legítimo em vez de ruído — avaliação humana necessária caso a caso.","seed_1078:Histiocitose pulmonar de células de Langerhans",""
"perihilar","1","MANTER","nenhuma","","Descritor específico de uso único, sem indício de redundância com outra tag na varredura — classificado como útil/específica.","seed_1079:Pneumonia por Pneumocystis jirovecii",""
"poupa a periferia","1","MANTER","nenhuma","","Descritor específico de uso único, sem indício de redundância com outra tag na varredura — classificado como útil/específica.","seed_1079:Pneumonia por Pneumocystis jirovecii",""
"imunossupressão","1","MANTER","nenhuma","","Descritor específico de uso único, sem indício de redundância com outra tag na varredura — classificado como útil/específica.","seed_1079:Pneumonia por Pneumocystis jirovecii",""
"cauda pleural","1","MANTER","nenhuma","","Descritor específico de uso único, sem indício de redundância com outra tag na varredura — classificado como útil/específica.","seed_1080:Atelectasia arredondada",""
"espessamento pleural adjacente","1","MANTER","nenhuma","","Descritor específico de uso único, sem indício de redundância com outra tag na varredura — classificado como útil/específica.","seed_1080:Atelectasia arredondada",""
"sinal do rabo de cometa","1","MANTER","nenhuma","","Padrão/sinal nomeado ou descritor parentético específico — uso único é esperado para achados muito específicos (útil/específica).","seed_1080:Atelectasia arredondada",""
"perfusão em mosaico","1","MANTER","nenhuma","","Descritor específico de uso único, sem indício de redundância com outra tag na varredura — classificado como útil/específica.","seed_1083:Bronquiolite obliterante",""
"hipoatenuação","1","MANTER","nenhuma","","Descritor específico de uso único, sem indício de redundância com outra tag na varredura — classificado como útil/específica.","seed_1083:Bronquiolite obliterante",""
"tampão mucoide","1","MANTER","nenhuma","","Descritor específico de uso único, sem indício de redundância com outra tag na varredura — classificado como útil/específica.","seed_1084:Fibrose cística (mucoviscidose)",""
"subepicárdico","1","MANTER","nenhuma","","Descritor específico de uso único, sem indício de redundância com outra tag na varredura — classificado como útil/específica.","seed_1087:Miocardite",""
"espessamento assimétrico","1","MANTER","nenhuma","","Descritor específico de uso único, sem indício de redundância com outra tag na varredura — classificado como útil/específica.","seed_1088:Cardiomiopatia hipertrófica",""
"obstrução da via de saída","1","MANTER","nenhuma","","Descritor específico de uso único, sem indício de redundância com outra tag na varredura — classificado como útil/específica.","seed_1088:Cardiomiopatia hipertrófica",""
"densidade aumentada","1","MANTER","nenhuma","","Descritor específico de uso único, sem indício de redundância com outra tag na varredura — classificado como útil/específica.","seed_1095:Osteopetrose",""
"fascial","2","MANTER","nenhuma","","Tag clara, consistente, sem indício de redundância ou ambiguidade identificado na varredura.","seed_1098:Fibromatose palmar (contratura de Dupuytren) | seed_1114:Fibromatose plantar (doença de Ledderhose)",""
"ausência de realce significativo","1","REVISAR","nenhuma_automatica","","Possível gradação frente a ""ausência de realce"" — grupo G8.","seed_1099:Mixoma intramuscular",""
"subungueal","1","MANTER","nenhuma","","Descritor específico de uso único, sem indício de redundância com outra tag na varredura — classificado como útil/específica.","seed_1100:Tumor glômico",""
"espessamento focal","15","MANTER","nenhuma","","Tag clara, consistente, sem indício de redundância ou ambiguidade identificado na varredura.","seed_1105:Fasciíte plantar | seed_1143:Epicondilite medial (cotovelo de golfista) | seed_1168:Ressalto do quadril (snapping hip syndrome) | seed_1169:Tenossinovite estenosante (dedo em gatilho) | seed_1173:Ruptura parcial do tendão do manguito rotador | seed_1183:Neuropatia compressiva do nervo ulnar no canal de Guyon | seed_1185:Meralgia parestésica (neuropatia do nervo cutâneo femoral lateral) | seed_1186:Tendinopatia do iliopsoas / bursite do iliopsoas | seed_1187:Disfunção/ruptura do tendão tibial posterior | seed_1188:Lesão do ligamento deltoide do tornozelo | seed_1191:Sinovite reumatoide (achado ao USG com Doppler) | seed_1193:Bursite anserina (pata de ganso) | seed_1194:Síndrome da banda iliotibial | seed_1196:Síndrome da prega sinovial medial (plica) | seed_1200:Síndrome do espaço quadrilátero (neuropatia do nervo axilar)",""
"calcanhar","1","MANTER","nenhuma","","Descritor específico de uso único, sem indício de redundância com outra tag na varredura — classificado como útil/específica.","seed_1105:Fasciíte plantar",""
"pós-exercício","1","MANTER","nenhuma","","Descritor específico de uso único, sem indício de redundância com outra tag na varredura — classificado como útil/específica.","seed_1107:Síndrome compartimental crônica de esforço",""
"atrofia","1","MANTER","nenhuma","","Descritor específico de uso único, sem indício de redundância com outra tag na varredura — classificado como útil/específica.","seed_1108:Denervação muscular (atrofia neurogênica)",""
"sinal do saca-rolhas","1","MANTER","nenhuma","","Padrão/sinal nomeado ou descritor parentético específico — uso único é esperado para achados muito específicos (útil/específica).","seed_1111:Malrotação intestinal com volvo",""
"zona de transição","1","MANTER","nenhuma","","Descritor específico de uso único, sem indício de redundância com outra tag na varredura — classificado como útil/específica.","seed_1112:Doença de Hirschsprung",""
"hipodensidade difusa","2","MANTER","nenhuma","","Tag clara, consistente, sem indício de redundância ou ambiguidade identificado na varredura.","seed_1113:Osteomalácia | seed_1120:Osteogênese imperfeita",""
"pseudofraturas de Looser","1","MANTER","nenhuma","","Descritor específico de uso único, sem indício de redundância com outra tag na varredura — classificado como útil/específica.","seed_1113:Osteomalácia",""
"hidronefrose","1","MANTER","nenhuma","","Descritor específico de uso único, sem indício de redundância com outra tag na varredura — classificado como útil/específica.","seed_1118:Estenose de junção ureteropélvica",""
"fraturas múltiplas","2","MANTER","nenhuma","","Tag clara, consistente, sem indício de redundância ou ambiguidade identificado na varredura.","seed_1120:Osteogênese imperfeita | seed_1122:Maus-tratos infantis (síndrome da criança espancada)",""
"alargamento fisário","1","MANTER","nenhuma","","Descritor específico de uso único, sem indício de redundância com outra tag na varredura — classificado como útil/específica.","seed_1121:Raquitismo",""
"hipoplasia","1","MANTER","nenhuma","","Descritor específico de uso único, sem indício de redundância com outra tag na varredura — classificado como útil/específica.","seed_1128:Displasia septo-óptica",""
"luxação prévia","2","MANTER","nenhuma","","Tag clara, consistente, sem indício de redundância ou ambiguidade identificado na varredura.","seed_1131:Lesão de Bankart (labral anteroinferior) | seed_1132:Lesão de Hill-Sachs",""
"impactação óssea","1","MANTER","nenhuma","","Descritor específico de uso único, sem indício de redundância com outra tag na varredura — classificado como útil/específica.","seed_1132:Lesão de Hill-Sachs",""
"espessamento capsular","1","MANTER","nenhuma","","Descritor específico de uso único, sem indício de redundância com outra tag na varredura — classificado como útil/específica.","seed_1133:Capsulite adesiva (ombro congelado)",""
"limitação de movimento","1","MANTER","nenhuma","","Descritor específico de uso único, sem indício de redundância com outra tag na varredura — classificado como útil/específica.","seed_1133:Capsulite adesiva (ombro congelado)",""
"acrômio tipo III","1","MANTER","nenhuma","","Descritor específico de uso único, sem indício de redundância com outra tag na varredura — classificado como útil/específica.","seed_1134:Síndrome do impacto subacromial",""
"bursite associada","1","MANTER","nenhuma","","Descritor específico de uso único, sem indício de redundância com outra tag na varredura — classificado como útil/específica.","seed_1134:Síndrome do impacto subacromial",""
"migração superior da cabeça umeral","1","MANTER","nenhuma","","Descritor específico de uso único, sem indício de redundância com outra tag na varredura — classificado como útil/específica.","seed_1136:Artropatia do manguito rotador (cuff tear arthropathy)",""
"crônico","1","REVISAR","nenhuma_automatica","","Descritor amplo de uma única palavra; dado o modelo de tags como vocabulário facetado (combinável), pode ser um ""building block"" legítimo em vez de ruído — avaliação humana necessária caso a caso.","seed_1136:Artropatia do manguito rotador (cuff tear arthropathy)",""
"reabsorção óssea","1","MANTER","nenhuma","","Descritor específico de uso único, sem indício de redundância com outra tag na varredura — classificado como útil/específica.","seed_1137:Osteólise da clavícula distal",""
"compressão nervosa","2","MANTER","nenhuma","","Tag clara, consistente, sem indício de redundância ou ambiguidade identificado na varredura.","seed_1138:Cisto paralabral com compressão do nervo supraescapular | seed_1201:Síndrome do desfiladeiro torácico (compressão neurovascular)",""
"destruição articular","1","MANTER","nenhuma","","Descritor específico de uso único, sem indício de redundância com outra tag na varredura — classificado como útil/específica.","seed_1139:Artropatia por hidroxiapatita (ombro de Milwaukee)",""
"alargamento articular","3","MANTER","nenhuma","","Tag clara, consistente, sem indício de redundância ou ambiguidade identificado na varredura.","seed_1140:Luxação acromioclavicular | seed_1181:Instabilidade escafolunar | seed_1189:Lesão da sindesmose tibiofibular",""
"herniação tonsilar","1","MANTER","nenhuma","","Descritor específico de uso único, sem indício de redundância com outra tag na varredura — classificado como útil/específica.","seed_1142:Malformação de Chiari tipo I",""
"sinal em T","1","MANTER","nenhuma","","Padrão/sinal nomeado ou descritor parentético específico — uso único é esperado para achados muito específicos (útil/específica).","seed_1144:Lesão do ligamento colateral ulnar do cotovelo",""
"subluxação","4","MANTER","nenhuma","","Tag clara, consistente, sem indício de redundância ou ambiguidade identificado na varredura.","seed_1146:Instabilidade posterolateral rotatória do cotovelo | seed_1150:Cotovelo de babá (subluxação da cabeça do rádio) | seed_1157:Síndrome de Grisel | seed_1177:Instabilidade dinâmica do nervo ulnar no cotovelo",""
"intra-articular","1","MANTER","nenhuma","","Descritor específico de uso único, sem indício de redundância com outra tag na varredura — classificado como útil/específica.","seed_1147:Corpo livre articular do cotovelo (osteocondral)",""
"sinal da almofada gordurosa","1","MANTER","nenhuma","","Padrão/sinal nomeado ou descritor parentético específico — uso único é esperado para achados muito específicos (útil/específica).","seed_1148:Fratura da cabeça do rádio",""
"denervação","3","MANTER","nenhuma","","Tag clara, consistente, sem indício de redundância ou ambiguidade identificado na varredura.","seed_1149:Síndrome do túnel radial (neuropatia do nervo interósseo posterior) | seed_1200:Síndrome do espaço quadrilátero (neuropatia do nervo axilar) | seed_1208:Neuropatia do nervo supraescapular (incisura espinoglenoidal)",""
"dor sem déficit motor","1","MANTER","nenhuma","","Descritor específico de uso único, sem indício de redundância com outra tag na varredura — classificado como útil/específica.","seed_1149:Síndrome do túnel radial (neuropatia do nervo interósseo posterior)",""
"tração","1","REVISAR","nenhuma_automatica","","Tag curta de uso único — avaliar se é específica o suficiente ou excesso de granularidade.","seed_1150:Cotovelo de babá (subluxação da cabeça do rádio)",""
"séptico","1","MANTER","nenhuma","","Descritor específico de uso único, sem indício de redundância com outra tag na varredura — classificado como útil/específica.","seed_1152:Síndrome de Lemierre",""
"gás em partes moles","1","MANTER","nenhuma","","Descritor específico de uso único, sem indício de redundância com outra tag na varredura — classificado como útil/específica.","seed_1153:Fascite necrosante cervical",""
"sequestro ósseo","1","MANTER","nenhuma","","Descritor específico de uso único, sem indício de redundância com outra tag na varredura — classificado como útil/específica.","seed_1158:Osteomielite da mandíbula",""
"erosão óssea","1","MANTER","nenhuma","","Descritor específico de uso único, sem indício de redundância com outra tag na varredura — classificado como útil/específica.","seed_1160:Colesteatoma adquirido",""
"anecoico","11","MANTER","nenhuma","","Tag clara, consistente, sem indício de redundância ou ambiguidade identificado na varredura.","seed_1165:Cisto de Baker (cisto poplíteo) | seed_1174:Bursite pré-patelar | seed_1175:Derrame da bainha da longa porção do bíceps | seed_1178:Bursite bicipitorradial | seed_1179:Gânglio dorsal do punho (cisto escafolunar) | seed_1182:Cisto mucoide digital | seed_1184:Bursite isquiática | seed_1186:Tendinopatia do iliopsoas / bursite do iliopsoas | seed_1190:Bursite retrocalcânea (deformidade de Haglund) | seed_1192:Cisto meniscal (parameniscal) | seed_1193:Bursite anserina (pata de ganso)",""
"comunicação articular","4","MANTER","nenhuma","","Tag clara, consistente, sem indício de redundância ou ambiguidade identificado na varredura.","seed_1165:Cisto de Baker (cisto poplíteo) | seed_1179:Gânglio dorsal do punho (cisto escafolunar) | seed_1182:Cisto mucoide digital | seed_1192:Cisto meniscal (parameniscal)",""
"compressível","1","MANTER","nenhuma","","Descritor específico de uso único, sem indício de redundância com outra tag na varredura — classificado como útil/específica.","seed_1165:Cisto de Baker (cisto poplíteo)",""
"hiperecoico","1","MANTER","nenhuma","","Descritor específico de uso único, sem indício de redundância com outra tag na varredura — classificado como útil/específica.","seed_1166:Corpo estranho de partes moles (USG)",""
"sombra acústica","1","MANTER","nenhuma","","Descritor específico de uso único, sem indício de redundância com outra tag na varredura — classificado como útil/específica.","seed_1166:Corpo estranho de partes moles (USG)",""
"dinâmico","5","MANTER","nenhuma","","Tag clara, consistente, sem indício de redundância ou ambiguidade identificado na varredura.","seed_1167:Subluxação/luxação dos tendões fibulares | seed_1168:Ressalto do quadril (snapping hip syndrome) | seed_1170:Subluxação/luxação do tendão da cabeça longa do bíceps | seed_1177:Instabilidade dinâmica do nervo ulnar no cotovelo | seed_1201:Síndrome do desfiladeiro torácico (compressão neurovascular)",""
"hipoecoico","6","MANTER","nenhuma","","Tag clara, consistente, sem indício de redundância ou ambiguidade identificado na varredura.","seed_1169:Tenossinovite estenosante (dedo em gatilho) | seed_1173:Ruptura parcial do tendão do manguito rotador | seed_1187:Disfunção/ruptura do tendão tibial posterior | seed_1191:Sinovite reumatoide (achado ao USG com Doppler) | seed_1194:Síndrome da banda iliotibial | seed_1196:Síndrome da prega sinovial medial (plica)",""
"doppler positivo","4","MANTER","nenhuma","","Tag clara, consistente, sem indício de redundância ou ambiguidade identificado na varredura.","seed_1169:Tenossinovite estenosante (dedo em gatilho) | seed_1174:Bursite pré-patelar | seed_1178:Bursite bicipitorradial | seed_1191:Sinovite reumatoide (achado ao USG com Doppler)",""
"sulco bicipital vazio","2","MANTER","nenhuma","","Tag clara, consistente, sem indício de redundância ou ambiguidade identificado na varredura.","seed_1170:Subluxação/luxação do tendão da cabeça longa do bíceps | seed_1176:Ruptura do tendão do subescapular",""
"sinal indireto","1","REVISAR","nenhuma_automatica","","Descritor amplo de uma única palavra; dado o modelo de tags como vocabulário facetado (combinável), pode ser um ""building block"" legítimo em vez de ruído — avaliação humana necessária caso a caso.","seed_1175:Derrame da bainha da longa porção do bíceps",""
"irregularidade","2","MANTER","nenhuma","","Tag clara, consistente, sem indício de redundância ou ambiguidade identificado na varredura.","seed_1195:Doença de Osgood-Schlatter | seed_1198:Sesamoidite do hálux",""
"colapso","1","MANTER","nenhuma","","Descritor específico de uso único, sem indício de redundância com outra tag na varredura — classificado como útil/específica.","seed_1199:Doença de Kienböck (osteonecrose do semilunar)",""
"espessamento cortical","1","MANTER","nenhuma","","Descritor específico de uso único, sem indício de redundância com outra tag na varredura — classificado como útil/específica.","seed_1202:Doença de Paget óssea",""
"trabeculação grosseira","1","MANTER","nenhuma","","Descritor específico de uso único, sem indício de redundância com outra tag na varredura — classificado como útil/específica.","seed_1202:Doença de Paget óssea",""
"expansão óssea","1","MANTER","nenhuma","","Descritor específico de uso único, sem indício de redundância com outra tag na varredura — classificado como útil/específica.","seed_1202:Doença de Paget óssea",""
"bordos bem definidos","1","REVISAR","nenhuma_automatica","","Variação de fraseado de ""bem circunscrita""/""bem delimitado"", 1 uso — grupo G2.","seed_1203:Histiocitose de células de Langerhans (granuloma eosinofílico)",""
"borda biselada","1","MANTER","nenhuma","","Descritor específico de uso único, sem indício de redundância com outra tag na varredura — classificado como útil/específica.","seed_1203:Histiocitose de células de Langerhans (granuloma eosinofílico)",""
"múltiplas lesões cartilaginosas","1","MANTER","nenhuma","","Descritor específico de uso único, sem indício de redundância com outra tag na varredura — classificado como útil/específica.","seed_1204:Encondromatose (doença de Ollier)",""
"assimetria de membros","1","MANTER","nenhuma","","Descritor específico de uso único, sem indício de redundância com outra tag na varredura — classificado como útil/específica.","seed_1204:Encondromatose (doença de Ollier)",""
"destruição óssea","1","MANTER","nenhuma","","Descritor específico de uso único, sem indício de redundância com outra tag na varredura — classificado como útil/específica.","seed_1205:Cordoma",""
"reabsorção subperiosteal","1","MANTER","nenhuma","","Descritor específico de uso único, sem indício de redundância com outra tag na varredura — classificado como útil/específica.","seed_1207:Osteíte fibrosa cística",""
"crânio em sal e pimenta","1","MANTER","nenhuma","","Descritor específico de uso único, sem indício de redundância com outra tag na varredura — classificado como útil/específica.","seed_1207:Osteíte fibrosa cística",""
"atrofia muscular","1","MANTER","nenhuma","","Descritor específico de uso único, sem indício de redundância com outra tag na varredura — classificado como útil/específica.","seed_1208:Neuropatia do nervo supraescapular (incisura espinoglenoidal)",""
"incisura espinoglenoidal","1","MANTER","nenhuma","","Descritor específico de uso único, sem indício de redundância com outra tag na varredura — classificado como útil/específica.","seed_1208:Neuropatia do nervo supraescapular (incisura espinoglenoidal)",""
"glenoide","1","MANTER","nenhuma","","Descritor específico de uso único, sem indício de redundância com outra tag na varredura — classificado como útil/específica.","seed_1209:Fratura da glenoide (Bankart ósseo)",""
"instabilidade","2","MANTER","nenhuma","","Tag clara, consistente, sem indício de redundância ou ambiguidade identificado na varredura.","seed_1209:Fratura da glenoide (Bankart ósseo) | seed_1218:Fratura de Segond",""
"nervo mediano","1","MANTER","nenhuma","","Descritor específico de uso único, sem indício de redundância com outra tag na varredura — classificado como útil/específica.","seed_1210:Síndrome do pronador redondo (compressão do nervo mediano)",""
"antebraço proximal","1","MANTER","nenhuma","","Descritor específico de uso único, sem indício de redundância com outra tag na varredura — classificado como útil/específica.","seed_1210:Síndrome do pronador redondo (compressão do nervo mediano)",""
"sobrecarga em valgo","1","MANTER","nenhuma","","Descritor específico de uso único, sem indício de redundância com outra tag na varredura — classificado como útil/específica.","seed_1211:Cotovelo do lançador (valgus extension overload)",""
"ligamento colateral ulnar","1","MANTER","nenhuma","","Descritor específico de uso único, sem indício de redundância com outra tag na varredura — classificado como útil/específica.","seed_1211:Cotovelo do lançador (valgus extension overload)",""
"osteófito posteromedial","1","MANTER","nenhuma","","Descritor específico de uso único, sem indício de redundância com outra tag na varredura — classificado como útil/específica.","seed_1211:Cotovelo do lançador (valgus extension overload)",""
"escafoide","1","MANTER","nenhuma","","Descritor específico de uso único, sem indício de redundância com outra tag na varredura — classificado como útil/específica.","seed_1212:Fratura do escafoide",""
"risco de necrose avascular","1","MANTER","nenhuma","","Descritor específico de uso único, sem indício de redundância com outra tag na varredura — classificado como útil/específica.","seed_1212:Fratura do escafoide",""
"ruptura da banda central","1","MANTER","nenhuma","","Descritor específico de uso único, sem indício de redundância com outra tag na varredura — classificado como útil/específica.","seed_1213:Dedo em botoeira (boutonnière)",""
"deformidade","1","REVISAR","nenhuma_automatica","","Descritor amplo de uma única palavra; dado o modelo de tags como vocabulário facetado (combinável), pode ser um ""building block"" legítimo em vez de ruído — avaliação humana necessária caso a caso.","seed_1213:Dedo em botoeira (boutonnière)",""
"fratura de estresse","1","MANTER","nenhuma","","Descritor específico de uso único, sem indício de redundância com outra tag na varredura — classificado como útil/específica.","seed_1215:Fratura por estresse do colo femoral",""
"colo femoral","1","MANTER","nenhuma","","Descritor específico de uso único, sem indício de redundância com outra tag na varredura — classificado como útil/específica.","seed_1215:Fratura por estresse do colo femoral",""
"corredores","2","MANTER","nenhuma","","Tag clara, consistente, sem indício de redundância ou ambiguidade identificado na varredura.","seed_1215:Fratura por estresse do colo femoral | seed_1279:Fratura de estresse do calcâneo",""
"avulsão","1","MANTER","nenhuma","","Descritor específico de uso único, sem indício de redundância com outra tag na varredura — classificado como útil/específica.","seed_1216:Avulsão apofisária pélvica (atleta adolescente)",""
"apófise","1","MANTER","nenhuma","","Descritor específico de uso único, sem indício de redundância com outra tag na varredura — classificado como útil/específica.","seed_1216:Avulsão apofisária pélvica (atleta adolescente)",""
"atleta adolescente","1","MANTER","nenhuma","","Descritor específico de uso único, sem indício de redundância com outra tag na varredura — classificado como útil/específica.","seed_1216:Avulsão apofisária pélvica (atleta adolescente)",""
"ruptura ligamentar","1","MANTER","nenhuma","","Descritor específico de uso único, sem indício de redundância com outra tag na varredura — classificado como útil/específica.","seed_1217:Ruptura do ligamento cruzado posterior",""
"LCP","1","REVISAR","nenhuma_automatica","","Tag curta de uso único — avaliar se é específica o suficiente ou excesso de granularidade.","seed_1217:Ruptura do ligamento cruzado posterior",""
"trauma direto","1","REVISAR","nenhuma_automatica","","Agora convive com a tag genérica ""trauma"" em seed_1217 após a normalização anterior — grupo G10.","seed_1217:Ruptura do ligamento cruzado posterior",""
"fratura de avulsão","1","MANTER","nenhuma","","Descritor específico de uso único, sem indício de redundância com outra tag na varredura — classificado como útil/específica.","seed_1218:Fratura de Segond",""
"platô tibial lateral","1","MANTER","nenhuma","","Descritor específico de uso único, sem indício de redundância com outra tag na varredura — classificado como útil/específica.","seed_1218:Fratura de Segond",""
"côndilo femoral lateral","1","MANTER","nenhuma","","Descritor específico de uso único, sem indício de redundância com outra tag na varredura — classificado como útil/específica.","seed_1219:Contusão óssea em padrão de pivot shift",""
"platô tibial posterolateral","1","MANTER","nenhuma","","Descritor específico de uso único, sem indício de redundância com outra tag na varredura — classificado como útil/específica.","seed_1219:Contusão óssea em padrão de pivot shift",""
"base do quinto metatarso","1","MANTER","nenhuma","","Descritor específico de uso único, sem indício de redundância com outra tag na varredura — classificado como útil/específica.","seed_1220:Fratura de Jones (base do 5º metatarso)",""
"risco de não-união","1","MANTER","nenhuma","","Descritor específico de uso único, sem indício de redundância com outra tag na varredura — classificado como útil/específica.","seed_1220:Fratura de Jones (base do 5º metatarso)",""
"fusão óssea ou fibrosa","1","REVISAR","avaliar_divisao","","Tag composta (""/"" ou ""ou""), uso único — possível excesso de granularidade (ver padrão G9/G13).","seed_1221:Coalizão tarsal",""
"sinal do C","1","MANTER","nenhuma","","Padrão/sinal nomeado ou descritor parentético específico — uso único é esperado para achados muito específicos (útil/específica).","seed_1221:Coalizão tarsal",""
"pé plano rígido","1","MANTER","nenhuma","","Descritor específico de uso único, sem indício de redundância com outra tag na varredura — classificado como útil/específica.","seed_1221:Coalizão tarsal",""
"massa heterogênea","1","MANTER","nenhuma","","Descritor específico de uso único, sem indício de redundância com outra tag na varredura — classificado como útil/específica.","seed_1222:Sarcoma pleomórfico indiferenciado",""
"partes moles profundas","1","MANTER","nenhuma","","Descritor específico de uso único, sem indício de redundância com outra tag na varredura — classificado como útil/específica.","seed_1222:Sarcoma pleomórfico indiferenciado",""
"necrose","1","MANTER","nenhuma","","Descritor específico de uso único, sem indício de redundância com outra tag na varredura — classificado como útil/específica.","seed_1222:Sarcoma pleomórfico indiferenciado",""
"massa subescapular","1","MANTER","nenhuma","","Descritor específico de uso único, sem indício de redundância com outra tag na varredura — classificado como útil/específica.","seed_1223:Elastofibroma dorsi",""
"coleção encapsulada","1","MANTER","nenhuma","","Descritor específico de uso único, sem indício de redundância com outra tag na varredura — classificado como útil/específica.","seed_1224:Hematoma organizado de partes moles",""
"emergência ortopédica","1","MANTER","nenhuma","","Descritor específico de uso único, sem indício de redundância com outra tag na varredura — classificado como útil/específica.","seed_1225:Síndrome compartimental aguda",""
"edema muscular difuso","1","MANTER","nenhuma","","Descritor específico de uso único, sem indício de redundância com outra tag na varredura — classificado como útil/específica.","seed_1225:Síndrome compartimental aguda",""
"aumento de pressão","1","MANTER","nenhuma","","Descritor específico de uso único, sem indício de redundância com outra tag na varredura — classificado como útil/específica.","seed_1225:Síndrome compartimental aguda",""
"atrofia muscular difusa","1","MANTER","nenhuma","","Descritor específico de uso único, sem indício de redundância com outra tag na varredura — classificado como útil/específica.","seed_1226:Sarcopenia (avaliação de massa muscular)",""
"infiltração gordurosa","1","MANTER","nenhuma","","Descritor específico de uso único, sem indício de redundância com outra tag na varredura — classificado como útil/específica.","seed_1226:Sarcopenia (avaliação de massa muscular)",""
"entesite","1","MANTER","nenhuma","","Descritor específico de uso único, sem indício de redundância com outra tag na varredura — classificado como útil/específica.","seed_1227:Artrite psoriásica (achados periféricos)",""
"dactilite","1","MANTER","nenhuma","","Descritor específico de uso único, sem indício de redundância com outra tag na varredura — classificado como útil/específica.","seed_1227:Artrite psoriásica (achados periféricos)",""
"proliferação óssea justa-articular","1","MANTER","nenhuma","","Descritor específico de uso único, sem indício de redundância com outra tag na varredura — classificado como útil/específica.","seed_1227:Artrite psoriásica (achados periféricos)",""
"condrocalcinose","1","MANTER","nenhuma","","Descritor específico de uso único, sem indício de redundância com outra tag na varredura — classificado como útil/específica.","seed_1228:Artropatia da hemocromatose",""
"osteófitos em gancho","1","MANTER","nenhuma","","Descritor específico de uso único, sem indício de redundância com outra tag na varredura — classificado como útil/específica.","seed_1228:Artropatia da hemocromatose",""
"2ª e 3ª metacarpofalângicas","1","MANTER","nenhuma","","Descritor específico de uso único, sem indício de redundância com outra tag na varredura — classificado como útil/específica.","seed_1228:Artropatia da hemocromatose",""
"compressão","3","MANTER","nenhuma","","Tag clara, consistente, sem indício de redundância ou ambiguidade identificado na varredura.","seed_1229:Neuropatia do nervo fibular comum (colo da fíbula) | seed_1230:Compressão do nervo radial no sulco espiral | seed_1231:Síndrome do interósseo anterior",""
"pé caído","1","MANTER","nenhuma","","Descritor específico de uso único, sem indício de redundância com outra tag na varredura — classificado como útil/específica.","seed_1229:Neuropatia do nervo fibular comum (colo da fíbula)",""
"colo da fíbula","1","MANTER","nenhuma","","Descritor específico de uso único, sem indício de redundância com outra tag na varredura — classificado como útil/específica.","seed_1229:Neuropatia do nervo fibular comum (colo da fíbula)",""
"nervo radial","1","MANTER","nenhuma","","Descritor específico de uso único, sem indício de redundância com outra tag na varredura — classificado como útil/específica.","seed_1230:Compressão do nervo radial no sulco espiral",""
"sulco espiral do úmero","1","MANTER","nenhuma","","Descritor específico de uso único, sem indício de redundância com outra tag na varredura — classificado como útil/específica.","seed_1230:Compressão do nervo radial no sulco espiral",""
"neuropatia motora pura","2","MANTER","nenhuma","","Tag clara, consistente, sem indício de redundância ou ambiguidade identificado na varredura.","seed_1231:Síndrome do interósseo anterior | seed_1247:Neuropatia do nervo interósseo posterior (arcada de Frohse)",""
"ramo do nervo mediano","1","MANTER","nenhuma","","Descritor específico de uso único, sem indício de redundância com outra tag na varredura — classificado como útil/específica.","seed_1231:Síndrome do interósseo anterior",""
"RM","42","MANTER","nenhuma","","Tag de modalidade de imagem, categoria semântica diferente de achado — não redundante com nenhuma outra. Ver observação estrutural G12.","seed_1232:Lesão de Kim (labral posteroinferior oculta) | seed_1233:Lesão GLAD (glenolabral articular disruption) | seed_1234:Lesão ALPSA (avulsão labral com deslocamento medial do periósteo) | seed_1235:Lesão HAGL (avulsão umeral do ligamento glenoumeral inferior) | seed_1236:Impacto interno posterossuperior do ombro | seed_1237:Instabilidade multidirecional do ombro (MDI) | seed_1238:Tendinopatia isolada do infraespinhal | seed_1239:Ruptura isolada do tendão do redondo menor | seed_1240:Variante anatômica labral (complexo de Buford / foramen sublabral) | seed_1242:Subluxação medial do tendão bicipital associada a ruptura do subescapular | seed_1243:Doença de Panner (osteocondrose do capítulo) | seed_1245:Tendinopatia do tríceps (sem ruptura) | seed_1246:Plica sinovial posterolateral do cotovelo (síndrome do impacto) | seed_1247:Neuropatia do nervo interósseo posterior (arcada de Frohse) | seed_1248:Sinal da vela (derrame articular do cotovelo) | seed_1250:Osteoartrose do cotovelo com corpos livres múltiplos | seed_1251:Instabilidade da articulação radioulnar distal (DRUJ) | seed_1253:Síndrome da interseção | seed_1254:Necrose avascular do capitato | seed_1255:Fratura do gancho do hamato | seed_1257:Lesão de Stener (LCU do polegar com interposição do adutor) | seed_1258:Deformidade em pescoço de cisne | seed_1260:Osteonecrose da cabeça femoral | seed_1261:Corpo livre intra-articular calcificado do quadril | seed_1262:Tendinopatia dos glúteos médio e mínimo (síndrome da dor trocantérica maior) | seed_1263:Pubalgia atlética (osteíte púbica / entesopatia adutora) | seed_1264:Compressão do nervo obturador | seed_1267:Luxação patelar lateral aguda (padrão de contusão típico) | seed_1268:Displasia troclear | seed_1270:Lesão da raiz meniscal posterior | seed_1271:Ruptura em alça de balde do menisco (bucket-handle) | seed_1272:Ruptura do cisto de Baker | seed_1273:Degeneração mucoide do ligamento cruzado anterior | seed_1274:Menisco discoide | seed_1275:Tendinopatia insercional do Aquiles | seed_1276:Impacto anterior do tornozelo (osteófitos tibiotalares) | seed_1277:Impacto posterior do tornozelo (os trigonum / processo trigonal) | seed_1278:Lesão osteocondral do tálus | seed_1279:Fratura de estresse do calcâneo | seed_1280:Fratura de estresse dos metatarsais (fratura da marcha) | seed_1281:Pé plano adquirido do adulto (estágio avançado) | seed_1282:Cisto ganglionar periarticular do tornozelo",""
"labrum posteroinferior","1","MANTER","nenhuma","","Descritor específico de uso único, sem indício de redundância com outra tag na varredura — classificado como útil/específica.","seed_1232:Lesão de Kim (labral posteroinferior oculta)",""
"instabilidade posterior sutil","1","MANTER","nenhuma","","Descritor específico de uso único, sem indício de redundância com outra tag na varredura — classificado como útil/específica.","seed_1232:Lesão de Kim (labral posteroinferior oculta)",""
"lesão labral anteroinferior","1","MANTER","nenhuma","","Descritor específico de uso único, sem indício de redundância com outra tag na varredura — classificado como útil/específica.","seed_1233:Lesão GLAD (glenolabral articular disruption)",""
"dano condral associado","1","MANTER","nenhuma","","Descritor específico de uso único, sem indício de redundância com outra tag na varredura — classificado como útil/específica.","seed_1233:Lesão GLAD (glenolabral articular disruption)",""
"labrum medializado","1","MANTER","nenhuma","","Descritor específico de uso único, sem indício de redundância com outra tag na varredura — classificado como útil/específica.","seed_1234:Lesão ALPSA (avulsão labral com deslocamento medial do periósteo)",""
"periósteo íntegro deslocado","1","MANTER","nenhuma","","Descritor específico de uso único, sem indício de redundância com outra tag na varredura — classificado como útil/específica.","seed_1234:Lesão ALPSA (avulsão labral com deslocamento medial do periósteo)",""
"avulsão umeral","1","MANTER","nenhuma","","Descritor específico de uso único, sem indício de redundância com outra tag na varredura — classificado como útil/específica.","seed_1235:Lesão HAGL (avulsão umeral do ligamento glenoumeral inferior)",""
"ligamento glenoumeral inferior","1","MANTER","nenhuma","","Descritor específico de uso único, sem indício de redundância com outra tag na varredura — classificado como útil/específica.","seed_1235:Lesão HAGL (avulsão umeral do ligamento glenoumeral inferior)",""
"atletas arremessadores","1","MANTER","nenhuma","","Descritor específico de uso único, sem indício de redundância com outra tag na varredura — classificado como útil/específica.","seed_1236:Impacto interno posterossuperior do ombro",""
"contato manguito-labrum posterossuperior","1","MANTER","nenhuma","","Descritor específico de uso único, sem indício de redundância com outra tag na varredura — classificado como útil/específica.","seed_1236:Impacto interno posterossuperior do ombro",""
"cápsula redundante","1","MANTER","nenhuma","","Descritor específico de uso único, sem indício de redundância com outra tag na varredura — classificado como útil/específica.","seed_1237:Instabilidade multidirecional do ombro (MDI)",""
"frouxidão capsular","1","MANTER","nenhuma","","Descritor específico de uso único, sem indício de redundância com outra tag na varredura — classificado como útil/específica.","seed_1237:Instabilidade multidirecional do ombro (MDI)",""
"US","16","MANTER","nenhuma","","Tag de modalidade de imagem, categoria semântica diferente de achado — não redundante com nenhuma outra. Ver observação estrutural G12.","seed_1238:Tendinopatia isolada do infraespinhal | seed_1241:Bursite subacromial séptica | seed_1242:Subluxação medial do tendão bicipital associada a ruptura do subescapular | seed_1245:Tendinopatia do tríceps (sem ruptura) | seed_1247:Neuropatia do nervo interósseo posterior (arcada de Frohse) | seed_1249:Bursite séptica do olécrano | seed_1253:Síndrome da interseção | seed_1256:Rizartrose (artrose trapeziometacarpiana) | seed_1257:Lesão de Stener (LCU do polegar com interposição do adutor) | seed_1262:Tendinopatia dos glúteos médio e mínimo (síndrome da dor trocantérica maior) | seed_1265:Derrame articular do quadril pediátrico (triagem sinovite x artrite séptica) | seed_1269:Síndrome de Sinding-Larsen-Johansson | seed_1272:Ruptura do cisto de Baker | seed_1275:Tendinopatia insercional do Aquiles | seed_1281:Pé plano adquirido do adulto (estágio avançado) | seed_1282:Cisto ganglionar periarticular do tornozelo",""
"sem ruptura","1","MANTER","nenhuma","","Descritor específico de uso único, sem indício de redundância com outra tag na varredura — classificado como útil/específica.","seed_1238:Tendinopatia isolada do infraespinhal",""
"atrofia muscular isolada","1","MANTER","nenhuma","","Descritor específico de uso único, sem indício de redundância com outra tag na varredura — classificado como útil/específica.","seed_1239:Ruptura isolada do tendão do redondo menor",""
"neuropatia do nervo axilar associada","1","MANTER","nenhuma","","Descritor específico de uso único, sem indício de redundância com outra tag na varredura — classificado como útil/específica.","seed_1239:Ruptura isolada do tendão do redondo menor",""
"variante normal","1","MANTER","nenhuma","","Descritor específico de uso único, sem indício de redundância com outra tag na varredura — classificado como útil/específica.","seed_1240:Variante anatômica labral (complexo de Buford / foramen sublabral)",""
"labrum anterossuperior ausente","1","MANTER","nenhuma","","Descritor específico de uso único, sem indício de redundância com outra tag na varredura — classificado como útil/específica.","seed_1240:Variante anatômica labral (complexo de Buford / foramen sublabral)",""
"coleção com debris","2","MANTER","nenhuma","","Tag clara, consistente, sem indício de redundância ou ambiguidade identificado na varredura.","seed_1241:Bursite subacromial séptica | seed_1249:Bursite séptica do olécrano",""
"sinais inflamatórios","1","MANTER","nenhuma","","Descritor específico de uso único, sem indício de redundância com outra tag na varredura — classificado como útil/específica.","seed_1241:Bursite subacromial séptica",""
"polia bicipital","1","MANTER","nenhuma","","Descritor específico de uso único, sem indício de redundância com outra tag na varredura — classificado como útil/específica.","seed_1242:Subluxação medial do tendão bicipital associada a ruptura do subescapular",""
"subescapular","1","MANTER","nenhuma","","Descritor específico de uso único, sem indício de redundância com outra tag na varredura — classificado como útil/específica.","seed_1242:Subluxação medial do tendão bicipital associada a ruptura do subescapular",""
"criança pequena","1","MANTER","nenhuma","","Descritor específico de uso único, sem indício de redundância com outra tag na varredura — classificado como útil/específica.","seed_1243:Doença de Panner (osteocondrose do capítulo)",""
"osteocondrose do capítulo","1","MANTER","nenhuma","","Descritor específico de uso único, sem indício de redundância com outra tag na varredura — classificado como útil/específica.","seed_1243:Doença de Panner (osteocondrose do capítulo)",""
"US dinâmico","3","MANTER","nenhuma","","Tag de modalidade de imagem, categoria semântica diferente de achado — não redundante com nenhuma outra. Ver observação estrutural G12.","seed_1244:Sinal do T do ligamento colateral ulnar ao US dinâmico | seed_1252:Tenossinovite/subluxação do extensor ulnar do carpo (ECU) | seed_1259:Ressalto externo do quadril (banda iliotibial)",""
"estresse em valgo","1","MANTER","nenhuma","","Descritor específico de uso único, sem indício de redundância com outra tag na varredura — classificado como útil/específica.","seed_1244:Sinal do T do ligamento colateral ulnar ao US dinâmico",""
"extravasamento de líquido articular","1","MANTER","nenhuma","","Descritor específico de uso único, sem indício de redundância com outra tag na varredura — classificado como útil/específica.","seed_1244:Sinal do T do ligamento colateral ulnar ao US dinâmico",""
"overuse","1","MANTER","nenhuma","","Descritor específico de uso único, sem indício de redundância com outra tag na varredura — classificado como útil/específica.","seed_1245:Tendinopatia do tríceps (sem ruptura)",""
"prega sinovial espessada","1","MANTER","nenhuma","","Descritor específico de uso único, sem indício de redundância com outra tag na varredura — classificado como útil/específica.","seed_1246:Plica sinovial posterolateral do cotovelo (síndrome do impacto)",""
"impacto lateral","1","MANTER","nenhuma","","Descritor específico de uso único, sem indício de redundância com outra tag na varredura — classificado como útil/específica.","seed_1246:Plica sinovial posterolateral do cotovelo (síndrome do impacto)",""
"arcada de Frohse","1","MANTER","nenhuma","","Descritor específico de uso único, sem indício de redundância com outra tag na varredura — classificado como útil/específica.","seed_1247:Neuropatia do nervo interósseo posterior (arcada de Frohse)",""
"radiografia","8","MANTER","nenhuma","","Tag de modalidade de imagem, categoria semântica diferente de achado — não redundante com nenhuma outra. Ver observação estrutural G12.","seed_1248:Sinal da vela (derrame articular do cotovelo) | seed_1250:Osteoartrose do cotovelo com corpos livres múltiplos | seed_1256:Rizartrose (artrose trapeziometacarpiana) | seed_1258:Deformidade em pescoço de cisne | seed_1261:Corpo livre intra-articular calcificado do quadril | seed_1269:Síndrome de Sinding-Larsen-Johansson | seed_1276:Impacto anterior do tornozelo (osteófitos tibiotalares) | seed_1280:Fratura de estresse dos metatarsais (fratura da marcha)",""
"fratura oculta","1","MANTER","nenhuma","","Descritor específico de uso único, sem indício de redundância com outra tag na varredura — classificado como útil/específica.","seed_1248:Sinal da vela (derrame articular do cotovelo)",""
"espessamento sinovial","1","MANTER","nenhuma","","Descritor específico de uso único, sem indício de redundância com outra tag na varredura — classificado como útil/específica.","seed_1249:Bursite séptica do olécrano",""
"corpos livres intra-articulares","1","MANTER","nenhuma","","Descritor específico de uso único, sem indício de redundância com outra tag na varredura — classificado como útil/específica.","seed_1250:Osteoartrose do cotovelo com corpos livres múltiplos",""
"subluxação radioulnar","1","MANTER","nenhuma","","Descritor específico de uso único, sem indício de redundância com outra tag na varredura — classificado como útil/específica.","seed_1251:Instabilidade da articulação radioulnar distal (DRUJ)",""
"lesão do TFCC associada","1","MANTER","nenhuma","","Descritor específico de uso único, sem indício de redundância com outra tag na varredura — classificado como útil/específica.","seed_1251:Instabilidade da articulação radioulnar distal (DRUJ)",""
"subluxação tendínea","1","MANTER","nenhuma","","Descritor específico de uso único, sem indício de redundância com outra tag na varredura — classificado como útil/específica.","seed_1252:Tenossinovite/subluxação do extensor ulnar do carpo (ECU)",""
"sexto compartimento extensor","1","MANTER","nenhuma","","Descritor específico de uso único, sem indício de redundância com outra tag na varredura — classificado como útil/específica.","seed_1252:Tenossinovite/subluxação do extensor ulnar do carpo (ECU)",""
"crepitação dorsal do antebraço distal","1","MANTER","nenhuma","","Descritor específico de uso único, sem indício de redundância com outra tag na varredura — classificado como útil/específica.","seed_1253:Síndrome da interseção",""
"osso capitato","1","MANTER","nenhuma","","Descritor específico de uso único, sem indício de redundância com outra tag na varredura — classificado como útil/específica.","seed_1254:Necrose avascular do capitato",""
"sinal de substituição medular","1","MANTER","nenhuma","","Padrão/sinal nomeado ou descritor parentético específico — uso único é esperado para achados muito específicos (útil/específica).","seed_1254:Necrose avascular do capitato",""
"TC","2","MANTER","nenhuma","","Tag de modalidade de imagem, categoria semântica diferente de achado — não redundante com nenhuma outra. Ver observação estrutural G12.","seed_1255:Fratura do gancho do hamato | seed_1261:Corpo livre intra-articular calcificado do quadril",""
"atletas de esportes de raquete/taco","1","REVISAR","avaliar_divisao","","Tag composta (""/"" ou ""ou""), uso único — possível excesso de granularidade (ver padrão G9/G13).","seed_1255:Fratura do gancho do hamato",""
"subluxação da base do polegar","1","MANTER","nenhuma","","Descritor específico de uso único, sem indício de redundância com outra tag na varredura — classificado como útil/específica.","seed_1256:Rizartrose (artrose trapeziometacarpiana)",""
"sinal do iô-iô (yo-yo on a string)","1","MANTER","nenhuma","","Padrão/sinal nomeado ou descritor parentético específico — uso único é esperado para achados muito específicos (útil/específica).","seed_1257:Lesão de Stener (LCU do polegar com interposição do adutor)",""
"hiperextensão IFP","1","MANTER","nenhuma","","Descritor específico de uso único, sem indício de redundância com outra tag na varredura — classificado como útil/específica.","seed_1258:Deformidade em pescoço de cisne",""
"flexão IFD","1","MANTER","nenhuma","","Descritor específico de uso único, sem indício de redundância com outra tag na varredura — classificado como útil/específica.","seed_1258:Deformidade em pescoço de cisne",""
"trato iliotibial","1","MANTER","nenhuma","","Descritor específico de uso único, sem indício de redundância com outra tag na varredura — classificado como útil/específica.","seed_1259:Ressalto externo do quadril (banda iliotibial)",""
"trocânter maior","2","MANTER","nenhuma","","Tag clara, consistente, sem indício de redundância ou ambiguidade identificado na varredura.","seed_1259:Ressalto externo do quadril (banda iliotibial) | seed_1262:Tendinopatia dos glúteos médio e mínimo (síndrome da dor trocantérica maior)",""
"sinal da dupla linha","1","MANTER","nenhuma","","Padrão/sinal nomeado ou descritor parentético específico — uso único é esperado para achados muito específicos (útil/específica).","seed_1260:Osteonecrose da cabeça femoral",""
"colapso subcondral","1","MANTER","nenhuma","","Descritor específico de uso único, sem indício de redundância com outra tag na varredura — classificado como útil/específica.","seed_1260:Osteonecrose da cabeça femoral",""
"corpo livre osteocondral","1","MANTER","nenhuma","","Descritor específico de uso único, sem indício de redundância com outra tag na varredura — classificado como útil/específica.","seed_1261:Corpo livre intra-articular calcificado do quadril",""
"tendinopatia insercional","1","MANTER","nenhuma","","Descritor específico de uso único, sem indício de redundância com outra tag na varredura — classificado como útil/específica.","seed_1262:Tendinopatia dos glúteos médio e mínimo (síndrome da dor trocantérica maior)",""
"sínfise púbica","1","MANTER","nenhuma","","Descritor específico de uso único, sem indício de redundância com outra tag na varredura — classificado como útil/específica.","seed_1263:Pubalgia atlética (osteíte púbica / entesopatia adutora)",""
"edema ósseo periarticular","1","MANTER","nenhuma","","Descritor específico de uso único, sem indício de redundância com outra tag na varredura — classificado como útil/específica.","seed_1263:Pubalgia atlética (osteíte púbica / entesopatia adutora)",""
"neuropatia compressiva rara","1","MANTER","nenhuma","","Descritor específico de uso único, sem indício de redundância com outra tag na varredura — classificado como útil/específica.","seed_1264:Compressão do nervo obturador",""
"dor na face medial da coxa","1","MANTER","nenhuma","","Descritor específico de uso único, sem indício de redundância com outra tag na varredura — classificado como útil/específica.","seed_1264:Compressão do nervo obturador",""
"criança com claudicação","1","MANTER","nenhuma","","Descritor específico de uso único, sem indício de redundância com outra tag na varredura — classificado como útil/específica.","seed_1265:Derrame articular do quadril pediátrico (triagem sinovite x artrite séptica)",""
"RM artrografia","1","MANTER","nenhuma","","Tag de modalidade de imagem, categoria semântica diferente de achado — não redundante com nenhuma outra. Ver observação estrutural G12.","seed_1266:Lesão do ligamento redondo do quadril",""
"instabilidade do quadril","1","MANTER","nenhuma","","Descritor específico de uso único, sem indício de redundância com outra tag na varredura — classificado como útil/específica.","seed_1266:Lesão do ligamento redondo do quadril",""
"atletas","1","MANTER","nenhuma","","Descritor específico de uso único, sem indício de redundância com outra tag na varredura — classificado como útil/específica.","seed_1266:Lesão do ligamento redondo do quadril",""
"contusão óssea bipolar","1","MANTER","nenhuma","","Descritor específico de uso único, sem indício de redundância com outra tag na varredura — classificado como útil/específica.","seed_1267:Luxação patelar lateral aguda (padrão de contusão típico)",""
"côndilo femoral lateral + faceta patelar medial","1","MANTER","nenhuma","","Descritor específico de uso único, sem indício de redundância com outra tag na varredura — classificado como útil/específica.","seed_1267:Luxação patelar lateral aguda (padrão de contusão típico)",""
"radiografia em perfil","1","MANTER","nenhuma","","Descritor específico de uso único, sem indício de redundância com outra tag na varredura — classificado como útil/específica.","seed_1268:Displasia troclear",""
"sulco troclear raso","1","MANTER","nenhuma","","Descritor específico de uso único, sem indício de redundância com outra tag na varredura — classificado como útil/específica.","seed_1268:Displasia troclear",""
"apofisite do polo inferior da patela","1","MANTER","nenhuma","","Descritor específico de uso único, sem indício de redundância com outra tag na varredura — classificado como útil/específica.","seed_1269:Síndrome de Sinding-Larsen-Johansson",""
"adolescente","1","MANTER","nenhuma","","Descritor específico de uso único, sem indício de redundância com outra tag na varredura — classificado como útil/específica.","seed_1269:Síndrome de Sinding-Larsen-Johansson",""
"extrusão meniscal","1","MANTER","nenhuma","","Descritor específico de uso único, sem indício de redundância com outra tag na varredura — classificado como útil/específica.","seed_1270:Lesão da raiz meniscal posterior",""
"perda da função de aro (hoop stress)","1","MANTER","nenhuma","","Padrão/sinal nomeado ou descritor parentético específico — uso único é esperado para achados muito específicos (útil/específica).","seed_1270:Lesão da raiz meniscal posterior",""
"fragmento deslocado","1","MANTER","nenhuma","","Descritor específico de uso único, sem indício de redundância com outra tag na varredura — classificado como útil/específica.","seed_1271:Ruptura em alça de balde do menisco (bucket-handle)",""
"sinal do LCP duplo","1","MANTER","nenhuma","","Padrão/sinal nomeado ou descritor parentético específico — uso único é esperado para achados muito específicos (útil/específica).","seed_1271:Ruptura em alça de balde do menisco (bucket-handle)",""
"dissecção para a panturrilha","1","MANTER","nenhuma","","Descritor específico de uso único, sem indício de redundância com outra tag na varredura — classificado como útil/específica.","seed_1272:Ruptura do cisto de Baker",""
"edema de partes moles","1","MANTER","nenhuma","","Descritor específico de uso único, sem indício de redundância com outra tag na varredura — classificado como útil/específica.","seed_1272:Ruptura do cisto de Baker",""
"espessamento intrasubstancial","1","MANTER","nenhuma","","Descritor específico de uso único, sem indício de redundância com outra tag na varredura — classificado como útil/específica.","seed_1273:Degeneração mucoide do ligamento cruzado anterior",""
"sinal em cauda de cometa","1","MANTER","nenhuma","","Padrão/sinal nomeado ou descritor parentético específico — uso único é esperado para achados muito específicos (útil/específica).","seed_1273:Degeneração mucoide do ligamento cruzado anterior",""
"variante anatômica","1","MANTER","nenhuma","","Descritor específico de uso único, sem indício de redundância com outra tag na varredura — classificado como útil/específica.","seed_1274:Menisco discoide",""
"forma discoide em vez de semilunar","1","MANTER","nenhuma","","Descritor específico de uso único, sem indício de redundância com outra tag na varredura — classificado como útil/específica.","seed_1274:Menisco discoide",""
"espessamento na inserção calcânea","1","MANTER","nenhuma","","Descritor específico de uso único, sem indício de redundância com outra tag na varredura — classificado como útil/específica.","seed_1275:Tendinopatia insercional do Aquiles",""
"calcificação intratendínea","1","MANTER","nenhuma","","Descritor específico de uso único, sem indício de redundância com outra tag na varredura — classificado como útil/específica.","seed_1275:Tendinopatia insercional do Aquiles",""
"osteófitos em bico","1","MANTER","nenhuma","","Descritor específico de uso único, sem indício de redundância com outra tag na varredura — classificado como útil/específica.","seed_1276:Impacto anterior do tornozelo (osteófitos tibiotalares)",""
"atletas de futebol/dança","1","REVISAR","avaliar_divisao","","Tag composta (""/"" ou ""ou""), uso único — possível excesso de granularidade (ver padrão G9/G13).","seed_1276:Impacto anterior do tornozelo (osteófitos tibiotalares)",""
"bailarinos","1","MANTER","nenhuma","","Descritor específico de uso único, sem indício de redundância com outra tag na varredura — classificado como útil/específica.","seed_1277:Impacto posterior do tornozelo (os trigonum / processo trigonal)",""
"compressão em flexão plantar","1","MANTER","nenhuma","","Descritor específico de uso único, sem indício de redundância com outra tag na varredura — classificado como útil/específica.","seed_1277:Impacto posterior do tornozelo (os trigonum / processo trigonal)",""
"edema medular subcondral","1","MANTER","nenhuma","","Descritor específico de uso único, sem indício de redundância com outra tag na varredura — classificado como útil/específica.","seed_1278:Lesão osteocondral do tálus",""
"instabilidade da cartilagem","1","MANTER","nenhuma","","Descritor específico de uso único, sem indício de redundância com outra tag na varredura — classificado como útil/específica.","seed_1278:Lesão osteocondral do tálus",""
"linha de esclerose perpendicular à trabeculação","1","MANTER","nenhuma","","Descritor específico de uso único, sem indício de redundância com outra tag na varredura — classificado como útil/específica.","seed_1279:Fratura de estresse do calcâneo",""
"reação periosteal","1","MANTER","nenhuma","","Descritor específico de uso único, sem indício de redundância com outra tag na varredura — classificado como útil/específica.","seed_1280:Fratura de estresse dos metatarsais (fratura da marcha)",""
"recrutas/corredores","1","REVISAR","avaliar_divisao","","Tag composta (""/"" ou ""ou""), uso único — possível excesso de granularidade (ver padrão G9/G13).","seed_1280:Fratura de estresse dos metatarsais (fratura da marcha)",""
"colapso do arco longitudinal","1","MANTER","nenhuma","","Descritor específico de uso único, sem indício de redundância com outra tag na varredura — classificado como útil/específica.","seed_1281:Pé plano adquirido do adulto (estágio avançado)",""
"disfunção crônica do tibial posterior","1","MANTER","nenhuma","","Descritor específico de uso único, sem indício de redundância com outra tag na varredura — classificado como útil/específica.","seed_1281:Pé plano adquirido do adulto (estágio avançado)",""
"coleção anecoica multilobulada","1","MANTER","nenhuma","","Descritor específico de uso único, sem indício de redundância com outra tag na varredura — classificado como útil/específica.","seed_1282:Cisto ganglionar periarticular do tornozelo",""